State	District	First Name	Last Name	Party	Votes	Vote fraction	Winner
AL	01	Jo	Bonner	REP	129063	0.82584	
AL	01	David	Walter	CPA	26357	0.16865	
AL	01		Scattered	W	861	0.00551	
AL	02	Martha	Roby	REP	111645	0.50973	
AL	02	Bobby	Bright	DEM	106865	0.48791	
AL	02		Scattered	W	518	0.00236	
AL	03	Mike	Rogers	REP	117736	0.59421	
AL	03	Steve	Segrest	DEM	80204	0.40479	
AL	03		Scattered	W	199	0.00100	
AL	04	Robert	Aderholt	REP	167714	0.98817	
AL	04		Scattered	W	2007	0.01183	
AL	05	Mo	Brooks	REP	131109	0.57887	
AL	05	Steve	Raby	DEM	95192	0.42029	
AL	05		Scattered	W	189	0.00083	
AL	06	Spencer	Bachus	REP	205288	0.98053	
AL	06		Scattered	W	4076	0.01947	
AL	07	Terri A.	Sewell	DEM	136696	0.72432	
AL	07	Don	Chamberlain	REP	51890	0.27495	
AL	07		Scattered	W	138	0.00073	
AL	S	Richard C.	Shelby	REP	968181	0.65175	
AL	S	William G.	Barnes	DEM	515619	0.34710	
AL	S		Scattered	W	1699	0.00114	
AK	00	Don	Young	REP	175384	0.68958	
AK	00	Harry T., Jr.	Crawford	DEM	77606	0.30513	
AK	00		Scattered	W	1345	0.00529	
AK	S	Lisa	Murkowski	REP/W***	92931	0.36084	
AK	S	Joe	Miller	REP	90839	0.35272	
AK	S	Scott T.	McAdams	DEM	60045	0.23315	
AK	S		Murkowski	W (Challenged Counted)	8160	0.03168	
AK	S		Murkowski	W (Challenged NOT Counted)	2035	0.00790	
AK	S	Fredrick "David"	Haase	LIB	1459	0.00567	
AK	S	Tim	Carter	NAF	927	0.00360	
AK	S		Other - Misc. Names	W	602	0.00234	
AK	S	Ted	Gianoutsos	NAF	458	0.00178	
AK	S	Joe	Miller	W	21	0.00008	
AK	S	Sid	Hill	W	13	0.00005	
AK	S		McAdams	W	8	0.00003	
AK	S	Edward D.	Marin Jr.	W	6	0.00002	
AK	S	Red K.	Bradley	W	3	0.00001	
AK	S	Guy A.	Cummins	W	2	0.00001	
AK	S	Lisa M.	Lackey	W	2	0.00001	
AK	S	Richard	McGahan	W	2	0.00001	
AK	S	Marvin Roger	Moser	W	2	0.00001	
AK	S	Karen	Perry	W	2	0.00001	
AK	S	Eileen M.	Ransom	W	2	0.00001	
AK	S	Jed	Whittaker	W	2	0.00001	
AK	S	Michael	Ames	W	1	0.00000	
AK	S	Kevin	Austin	W	1	0.00000	
AK	S	David E.	Beeman	W	1	0.00000	
AK	S	Vicky L.	Beeman	W	1	0.00000	
AK	S	David	Boyle	W	1	0.00000	
AK	S	Michael	Butler	W	1	0.00000	
AK	S	Margaret A.	Crowell	W	1	0.00000	
AK	S	Chris S.	Dillingham	W	1	0.00000	
AK	S	David S.	George	W	1	0.00000	
AK	S	Alan D.	Humphries	W	1	0.00000	
AK	S	Petter M.	Johnson	W	1	0.00000	
AK	S	Eric C.	Kelly	W	1	0.00000	
AK	S	Bill	Klemme	W	1	0.00000	
AK	S	Marjori	Landis-Beck	W	1	0.00000	
AK	S	Anthony	Rice	W	1	0.00000	
AK	S	Thompson	Steve	W	1	0.00000	
AK	S	Georgia Lee	Tolbert	W	1	0.00000	
AS	00	Eni F.H.	Faleomavaega	DEM	6182	0.56405	
AS	00	Aumua	Amata	REP	4422	0.40347	
AS	00	Tuika	Tuika	NNE	356	0.03248	
AZ	01	Paul	Gosar	REP	112816	0.49717	
AZ	01	Ann	Kirkpatrick	DEM	99233	0.43731	
AZ	01	Nicole	Patti	W(LIB)/LIB	14869	0.06553	
AZ	02	Trent	Franks	REP	173173	0.64885	
AZ	02	John	Thrasher	DEM	82891	0.31058	
AZ	02	Powell	Gammill	LIB	10820	0.04054	
AZ	02	Crum	William	W	8	0.00003	
AZ	02	Mark	Rankin	W	2	0.00001	
AZ	03	Ben	Quayle	REP	108689	0.52236	
AZ	03	Jon	Hulburd	DEM	85610	0.41145	
AZ	03	Michael	Shoen	LIB	10478	0.05036	
AZ	03	Leonard	Clark	W(GRE)/GRE	3294	0.01583	
AZ	04	Ed	Pastor	DEM	61524	0.66942	
AZ	04	Janet	Contreras	REP	25300	0.27528	
AZ	04	Joe	Cobb	LIB	2718	0.02957	
AZ	04	Rebecca	Dewitt	GRE	2365	0.02573	
AZ	05	David	Schweikert	REP	110374	0.52002	
AZ	05	Harry	Mitchell	DEM	91749	0.43227	
AZ	05	Nick	Coons	LIB	10127	0.04771	
AZ	06	Jeff	Flake	REP	165649	0.66424	
AZ	06	Rebecca	Schneider	DEM	72615	0.29118	
AZ	06	Darell	Tapp	W(LIB)/LIB	7712	0.03092	
AZ	06	Richard	Grayson	W(GRE)/GRE	3407	0.01366	
AZ	07	Raúl M.	Grijalva	DEM	79935	0.50228	
AZ	07	Ruth	McClung	REP	70385	0.44227	
AZ	07	Harley	Myer	IND	4506	0.02831	
AZ	07	George	Keane	LIB	4318	0.02713	
AZ	08	Gabrielle	Giffords	DEM	138280	0.48763	
AZ	08	Jesse	Kelly	REP	134124	0.47297	
AZ	08	Steven	Stoltz	LIB	11174	0.03940	
AZ	S	John	McCain	REP	1005615	0.58860	
AZ	S	Rodney	Glassman	DEM	592011	0.34651	
AZ	S	David F.	Nolan	LIB	80097	0.04688	
AZ	S	Jerry	Joslyn	GRE	24603	0.01440	
AZ	S	Ian	Gilyeat	W	5938	0.00348	
AZ	S	Loyd	Ellis	W	160	0.00009	
AZ	S	Santos	Chavez	W	39	0.00002	
AZ	S	Sydney	Dudikoff	W	14	0.00001	
AZ	S	Ray J.	Caplette	W	7	0.00000	
AR	01	Rick	Crawford	REP	93224	0.51787	
AR	01	Chad	Causey	DEM	78267	0.43478	
AR	01	Ken	Adler	GRE	8320	0.04622	
AR	01	Mickey	Higgins	W	196	0.00109	
AR	01		Scattered	W	9	0.00005	
AR	02	Tim	Griffin	REP	122091	0.57904	
AR	02	Joyce	Elliott	DEM	80687	0.38267	
AR	02	Lance	Levi	IND	4421	0.02097	
AR	02	Lewis	Kennedy	GRE	3599	0.01707	
AR	02		Scattered	W	40	0.00019	
AR	02	Danial	Suits	W	14	0.00007	
AR	03	Steve	Womack	REP	148581	0.72435	
AR	03	David	Whitaker	DEM	56542	0.27565	
AR	04	Mike	Ross	DEM	102479	0.57529	
AR	04	Beth Anne	Rankin	REP	71526	0.40153	
AR	04	Josh	Drake	GRE	4129	0.02318	
AR	S	John	Boozman	REP	451618	0.57903	
AR	S	Blanche Lambert	Lincoln	DEM	288156	0.36945	
AR	S	Trevor	Drown	IND	25234	0.03235	
AR	S	John Laney, III	Gray	GRE	14430	0.01850	
AR	S		Scattered	W	376	0.00048	
AR	S	Stephan "Troublemaker"	Hercher	W	143	0.00018	
CA	01	Mike	Thompson	DEM	147307	0.62793	
CA	01	Loren	Hanks	REP	72803	0.31034	
CA	01	Carol	Wolman	GRE	8486	0.03617	
CA	01	Mike	Rodrigues	LIB	5996	0.02556	
CA	02	Wally	Herger	REP	130837	0.57149	
CA	02	Jim	Reed	DEM	98092	0.42846	
CA	02	Mark A.	Jensen	W	11	0.00005	
CA	03	Dan	Lungren	REP	131169	0.50076	
CA	03	Ami	Bera	DEM	113128	0.43189	
CA	03	Jerry L.	Leidecker	AIP	6577	0.02511	
CA	03	Douglas Arthur	Tuma	LIB	6275	0.02396	
CA	03	Mike	Roskey	PAF	4789	0.01828	
CA	04	Tom	McClintock	REP	186397	0.61269	
CA	04	Clint	Curtis	DEM	95653	0.31441	
CA	04	Benjamin "Ben"	Emery	GRE	22179	0.07290	
CA	05	Doris	Matsui	DEM	124220	0.72049	
CA	05	Paul A.	Smith	REP	43577	0.25275	
CA	05	Gerald Allen	Frink	PAF	4594	0.02665	
CA	05	Tony	Lacy	W	19	0.00011	
CA	06	Lynn C.	Woolsey	DEM	172216	0.65945	
CA	06	Jim	Judd	REP	77361	0.29623	
CA	06	Eugene E.	Ruyle	PAF	5915	0.02265	
CA	06	Joel	Smollen	LIB	5660	0.02167	
CA	07	George	Miller	DEM	122118	0.68254	
CA	07	Rick	Tubbs	REP	56798	0.31746	
CA	08	Nancy	Pelosi	DEM	167957	0.80073	
CA	08	John	Dennis	REP	31771	0.15147	
CA	08	Gloria E.	La Riva	PAF	5161	0.02460	
CA	08	Philip	Berg	LIB	4843	0.02309	
CA	08	Summer	Shields	W	24	0.00011	
CA	09	Barbara	Lee	DEM	180400	0.84266	
CA	09	Gerald	Hashimoto	REP	23054	0.10769	
CA	09	Dave	Heller	GRE	4848	0.02265	
CA	09	James	Eyer	LIB	4113	0.01921	
CA	09	Larry	Allen	PAF	1670	0.00780	
CA	10	John	Garamendi	DEM	137578	0.58843	
CA	10	Gary	Clift	REP	88512	0.37857	
CA	10	Jeremy	Cloward	GRE	7716	0.03300	
CA	11	Jerry	McNerney	DEM	115361	0.47967	
CA	11	David	Harmer	REP	112703	0.46861	
CA	11	David	Christensen	AIP	12439	0.05172	
CA	12	Jackie	Speier	DEM	152044	0.75583	
CA	12	Mike	Moloney	REP	44475	0.22109	
CA	12	Mark Paul	Williams	LIB	4611	0.02292	
CA	12	Joseph Michael	Harding	W	32	0.00016	
CA	13	Fortney Pete	Stark	DEM	118278	0.71955	
CA	13	Forest	Baker	REP	45575	0.27726	
CA	13	Chris	Pareja	W	525	0.00319	
CA	14	Anna G.	Eshoo	DEM	151217	0.69090	
CA	14	Dave	Chapman	REP	60917	0.27833	
CA	14	Paul	Lazaga	LIB	6735	0.03077	
CA	15	Mike	Honda	DEM	126147	0.67597	
CA	15	Scott	Kirkland	REP	60468	0.32403	
CA	16	Zoe	Lofgren	DEM	105841	0.67822	
CA	16	Daniel	Sahagun	W(REP)/REP	37913	0.24294	
CA	16	Edward	Gonzalez	LIB	12304	0.07884	
CA	17	Sam	Farr	DEM	118734	0.66652	
CA	17	Jeff	Taylor	REP	53176	0.29851	
CA	17	Eric	Petersen	GRE	3397	0.01907	
CA	17	Mary V.	Larkin	LIB	2742	0.01539	
CA	17	Ronald P.	Kabat	W	90	0.00051	
CA	18	Dennis	Cardoza	DEM	72853	0.58484	
CA	18	Michael Clare, Sr.	Berryhill	REP	51716	0.41516	
CA	19	Jeff	Denham	REP	128394	0.64551	
CA	19	Loraine	Goodwin	DEM	69912	0.35149	
CA	19	Les	Marsden	DEM/W	596	0.00300	
CA	20	Jim	Costa	DEM	46247	0.51705	
CA	20	Andy	Vidak	REP	43197	0.48295	
CA	21	Devin G.	Nunes	REP	135979	1.00000	
CA	22	Kevin	McCarthy	REP	173490	0.98763	
CA	22	John	Uebersax	W	2173	0.01237	
CA	23	Lois	Capps	DEM	111768	0.57772	
CA	23	Tom	Watson	REP	72744	0.37601	
CA	23	John V.	Hager	IND	5625	0.02908	
CA	23	Darrell M.	Stafford	LIB	3326	0.01719	
CA	24	Elton	Gallegly	REP	144055	0.59940	
CA	24	Timothy J.	Allison	DEM	96279	0.40060	
CA	25	Howard P. "Buck"	McKeon	REP	118308	0.61833	
CA	25	Jackie	Conaway	DEM	73028	0.38167	
CA	26	David	Dreier	REP	112774	0.54128	
CA	26	Russ	Warner	DEM	76093	0.36522	
CA	26	David L.	Miller	AIP	12784	0.06136	
CA	26	Randall	Weissbuch	LIB	6696	0.03214	
CA	27	Brad	Sherman	DEM	102927	0.65151	
CA	27	Mark	Reed	REP	55056	0.34849	
CA	28	Howard L.	Berman	DEM	88385	0.69536	
CA	28	Merlin	Froyd	REP	28493	0.22417	
CA	28	Carlos A.	Rodriquez	LIB	10229	0.08048	
CA	29	Adam B.	Schiff	DEM	104374	0.64778	
CA	29	John P.	Colbert	REP	51534	0.31984	
CA	29	William P.	Cushing	LIB	5218	0.03238	
CA	30	Henry A.	Waxman	DEM	153663	0.64633	
CA	30	Charles E.	Wilkerson	REP	75948	0.31945	
CA	30	Erich D.	Miller	LIB	5021	0.02112	
CA	30	Richard R.	Castaldo	PAF	3115	0.01310	
CA	31	Xavier	Becerra	DEM	76363	0.83818	
CA	31	Sal	Genoves	DEM/W	3	0.00003	
CA	31	Stephen C.	Smith	REP	14740	0.16179	
CA	32	Judy	Chu	DEM	77759	0.71041	
CA	32	Edward "Ed"	Schmerling	REP	31697	0.28959	
CA	33	Karen	Bass	DEM	131990	0.86081	
CA	33	James L.	Andion	REP	21342	0.13919	
CA	33	Mervin Leon	Evans	W	1	0.00001	
CA	34	Lucille	Roybal-Allard	DEM	69382	0.77229	
CA	34	Wayne	Miller	REP	20457	0.22771	
CA	35	Maxine	Waters	DEM	98131	0.79334	
CA	35	K. Bruce	Brown	REP	25561	0.20665	
CA	35	Suleiman Charles	Edmondson	W	2	0.00002	
CA	36	Jane	Harman	DEM	114489	0.59619	
CA	36	Mattie	Fein	REP	66706	0.34736	
CA	36	Herb	Peters	LIB	10840	0.05645	
CA	37	Laura	Richardson	DEM	85799	0.68356	
CA	37	Star	Parker	REP	29159	0.23231	
CA	37	Nicholas	Dibs	IND	10560	0.08413	
CA	38	Grace F.	Napolitano	DEM	85459	0.73455	
CA	38	Robert	Vaughn	REP	30883	0.26545	
CA	39	Linda T.	Sanchez	DEM	81590	0.63267	
CA	39	Larry S.	Andre	REP	42037	0.32597	
CA	39	John A.	Smith	AIP	5334	0.04136	
CA	40	Ed	Royce	REP	119455	0.66789	
CA	40	Christina	Avalos	DEM	59400	0.33211	
CA	41	Jerry	Lewis	REP	127857	0.63206	
CA	41	Pat	Meagher	DEM	74394	0.36777	
CA	41	Pamela	Zander	W	35	0.00017	
CA	42	Gary G.	Miller	REP	127161	0.62212	
CA	42	Michael	Williamson	DEM	65122	0.31860	
CA	42	Mark	Lambert	LIB	12115	0.05927	
CA	43	Joe	Baca	DEM	70026	0.65496	
CA	43	Scott	Folkens	REP	36890	0.34504	
CA	44	Ken	Calvert	REP	107482	0.55614	
CA	44	Bill	Hedrick	DEM	85784	0.44386	
CA	45	Mary Bono	Mack	REP	106472	0.51485	
CA	45	Steve	Pougnet	DEM	87141	0.42138	
CA	45	Bill	Lussenheide	AIP	13188	0.06377	
CA	46	Dana	Rohrabacher	REP	139822	0.62203	
CA	46	Ken	Arnold	DEM	84940	0.37788	
CA	46	Jay A.	Shah	DEM/W	20	0.00009	
CA	47	Loretta	Sanchez	DEM	50832	0.52975	
CA	47	Van	Tran	REP	37679	0.39268	
CA	47	Cecilia "Ceci"	Iglesias	IND	7443	0.07757	
CA	48	John	Campbell	REP	145481	0.59938	
CA	48	Beth	Krom	DEM	88465	0.36447	
CA	48	Mike	Binkley	LIB	8773	0.03614	
CA	49	Darrell	Issa	REP	119088	0.62785	
CA	49	Howard	Katz	DEM	59714	0.31482	
CA	49	Dion	Clark	AIP	6585	0.03472	
CA	49	Mike	Paster	LIB	4290	0.02262	
CA	50	Brian P.	Bilbray	REP	142247	0.56654	
CA	50	Francine	Busby	DEM	97818	0.38959	
CA	50	Lars	Grossmith	LIB	5546	0.02209	
CA	50	Miriam E.	Clark	PAF	5470	0.02179	
CA	51	Bob	Filner	DEM	86423	0.60051	
CA	51	Nick	Popaditch	REP	57488	0.39946	
CA	51	Marcus Jay	Shapiro	W	5	0.00003	
CA	52	Duncan D.	Hunter	REP	139460	0.63086	
CA	52	Ray	Lutz	DEM	70870	0.32059	
CA	52	Michael	Benoit	LIB	10732	0.04855	
CA	53	Susan A.	Davis	DEM	104800	0.62259	
CA	53	Michael	Crimmins	REP	57230	0.33999	
CA	53	Paul	Dekker	LIB	6298	0.03742	
CA	S	Barbara	Boxer	DEM	5218137	0.52182	
CA	S	Carly	Fiorina	REP	4217386	0.42174	
CA	S	Gail K.	Lightfoot	LIB	175235	0.01752	
CA	S	Marsha	Feinland	PAF	135088	0.01351	
CA	S	Duane	Roberts	GRE	128512	0.01285	
CA	S	Edward C.	Noonan	AIP	125435	0.01254	
CA	S	James E.	Harris	W	41	0.00000	
CA	S	Connor	Vlakancic	W	11	0.00000	
CA	S	Jerry Leon	Carroll	W	10	0.00000	
CA	S	Hans J.	Kugler	W	5	0.00000	
CO	01	Diana	DeGette	DEM	140073	0.67424	
CO	01	Mike	Fallon	REP	59747	0.28759	
CO	01	Gary	Swing	GRE	2923	0.01407	
CO	01	Clint	Jones	LIB	2867	0.01380	
CO	01	Chris	Styskal	AMC	2141	0.01031	
CO	02	Jared	Polis	DEM	148768	0.57414	
CO	02	Stephen	Bailey	REP	98194	0.37896	
CO	02	Jenna	Goss	AMC	7087	0.02735	
CO	02	Curtis	Harris	LIB	5060	0.01953	
CO	02	Henry	Raibourn	W	7	0.00003	
CO	03	Scott R.	Tipton	REP	131227	0.49870	
CO	03	John	Salazar	DEM	121114	0.46027	
CO	03	Gregory	Gilman	LIB	5745	0.02183	
CO	03	Jake	Segrest	UN	5018	0.01907	
CO	03	John W., Sr	Hargis	W	23	0.00009	
CO	03	James	Fritz	W	11	0.00004	
CO	04	Cory	Gardner	REP	138634	0.52477	
CO	04	Betsy	Markey	DEM	109249	0.41354	
CO	04	Doug	Aden	AMC	12312	0.04660	
CO	04	Ken "Wasko"	Waszkiewicz	UN	3986	0.01509	
CO	05	Doug	Lamborn	REP	152829	0.65752	
CO	05	Kevin	Bradley	DEM	68039	0.29272	
CO	05	Brian "Barron X"	Scott	AMC	5886	0.02532	
CO	05	Jerell	Klaver	LIB	5680	0.02444	
CO	06	Mike	Coffman	REP	217400	0.65672	
CO	06	John	Flerlage	DEM	104159	0.31464	
CO	06	Rob	McNealy	LIB	9471	0.02861	
CO	06	Michael Shawn	Kearns	W	7	0.00002	
CO	07	Ed	Perlmutter	DEM	112667	0.53445	
CO	07	Ryan	Frazier	REP	88026	0.41756	
CO	07	Buck	Bailey	LIB	10117	0.04799	
CO	S	Michael F.	Bennet	DEM	854685	0.48079	
CO	S	Ken	Buck	REP	824789	0.46397	
CO	S	Bob	Kinsey	GRE	38884	0.02187	
CO	S	Maclyn "Mac"	Stringer	LIB	22646	0.01274	
CO	S	Jason	Napolitano	UN	19450	0.01094	
CO	S	Charley	Miller	UN	11351	0.00639	
CO	S	J.	Moromisato	UN	5780	0.00325	
CO	S	Robert	Rank	W	52	0.00003	
CO	S	Michele M.	Newman	W	20	0.00001	
CO	S	Bruce E.	Lohmiller	W	11	0.00001	
CT	01	John B.	Larson	DEM	130538	0.57750	
CT	01	John B.	Larson	WF	7902	0.03496	
CT	01	Ann	Brickley	REP	84076	0.37196	
CT	01	Kenneth J.	Krayeske	GRE	2564	0.01134	
CT	01	Christopher J.	Hutchinson	SOA	955	0.00422	
CT	01	Daniel J.	Stepanek	W	3	0.00001	
CT	02	Joe	Courtney	DEM	140888	0.57084	
CT	02	Joe	Courtney	WF	6860	0.02779	
CT	02	G. Scott	Deshefy	GRE	3344	0.01355	
CT	02	Daniel	Reale	W	27	0.00011	
CT	02	Muriel P.	Bianchi	W	19	0.00008	
CT	03	Rosa L.	DeLauro	DEM	134544	0.60973	
CT	03	Rosa L.	DeLauro	WF	9021	0.04088	
CT	03	Jerry, Jr.	Labriola	REP	74107	0.33584	
CT	03	Charles A.	Pillsbury	GRE	2984	0.01352	
CT	03	Boaz	Itshaky	W	5	0.00002	
CT	04	Jim	Himes	DEM	110746	0.50943	
CT	04	Jim	Himes	WF	4605	0.02118	
CT	04	Dan	Debicella	REP	102030	0.46934	
CT	04	Eugene	Flanagan	W	10	0.00005	
CT	05	Chris	Murphy	DEM	118231	0.52015	
CT	05	Chris	Murphy	WF	4648	0.02045	
CT	05	Sam S. F.	Caligiuri	IND	2310	0.01016	
CT	05	Sam S. F.	Caligiuri	REP	102092	0.44914	
CT	05	John	Pistone	W	20	0.00009	
CT	05	Elmon	Smith	W	2	0.00001	
CT	S	Richard	Blumenthal	DEM	605204	0.52484	
CT	S	Richard	Blumenthal	WF	30836	0.02674	
CT	S	Warren B.	Mosler	DEM/IND	11275	0.00978	
CT	S	Linda E.	McMahon	REP	498341	0.43217	
CT	S	John	Mertens	CFL	6735	0.00584	
CT	S	Brian K.	Hill	W	559	0.00048	
CT	S	Jeff	Russell	W	45	0.00004	
CT	S	Todd	Vachon	W	45	0.00004	
CT	S	Carl E.	Vassar	W	31	0.00003	
CT	S	Jay J.	Giles	W	17	0.00001	
CT	S	John	Traceski	W	15	0.00001	
CT	S	Matthew	Coleman	W	7	0.00001	
CT	S	Dave	Olszta	W	5	0.00000	
DE	00	John C., Jr.	Carney	DEM	173543	0.56781	
DE	00	Glen	Urquhart	REP	125442	0.41043	
DE	00	Earl R.	Lofland	IDE	3704	0.01212	
DE	00	Brent A.	Wangen	LIB	1986	0.00650	
DE	00	Jeffrey	Brown	TBE	961	0.00314	
DE	S - UNEXPIRED TERM	Christopher A.	Coons	DEM	174012	0.56607	
DE	S - UNEXPIRED TERM	Christine	O'Donnell	REP	123053	0.40030	
DE	S - UNEXPIRED TERM	Glenn A.	Miller	IDE	8201	0.02668	
DE	S - UNEXPIRED TERM	James W., Jr.	Rash	LIB	2101	0.00683	
DE	S - UNEXPIRED TERM	Maurice F.	Bourgeois	W	25	0.00008	
DE	S - UNEXPIRED TERM	Samtra	Devard	W	10	0.00003	
DC	00	Eleanor Holmes	Norton	DEM	117990	0.88944	
DC	00	Missy Reilly	Smith	REP	8109	0.06113	
DC	00	Rick	Tingling-Clemmons	DCG	4413	0.03327	
DC	00		Scattered	W	1359	0.01024	
DC	00	Queen	Noble	SHE	785	0.00592	
FL	01	Jeff	Miller	REP	170821	0.80000	
FL	01	Joe	Cantrell	NPA	23250	0.10889	
FL	01	John	Krause	NPA	18253	0.08548	
FL	01	Jim	Bryan	W	1202	0.00563	
FL	02	Steve	Southerland	REP	136371	0.53597	
FL	02	Allen	Boyd	DEM	105211	0.41350	
FL	02	Paul C.	McKain	NPA	7135	0.02804	
FL	02	Dianne	Berryhill	NPA	5705	0.02242	
FL	02	Ray	Netherwood	W	16	0.00006	
FL	03	Corinne	Brown	DEM	94744	0.63036	
FL	03	Michael "Mike"	Yost	REP	50932	0.33887	
FL	03	Terry	Martin-Back	NPA	4625	0.03077	
FL	04	Ander	Crenshaw	REP	178238	0.77211	
FL	04	Troy D.	Stanley	NPA	52540	0.22760	
FL	04	Deborah "Deb" Katz	Pueschel	W	40	0.00017	
FL	04	Gary L.	Koniz	W	27	0.00012	
FL	05	Richard B. "Rich"	Nugent	REP	208815	0.67431	
FL	05	James "Jim"	Piccillo	DEM	100858	0.32569	
FL	06	Clifford B. "Cliff"	Stearns	REP	179349	0.71459	
FL	06	Steve	Schonberg	NPA	71632	0.28541	
FL	07	John L.	Mica	REP	185470	0.69031	
FL	07	Heather	Beaven	DEM	83206	0.30969	
FL	08	Daniel	Webster	REP	123586	0.56113	
FL	08	Alan	Grayson	DEM	84167	0.38215	
FL	08	Peg	Dunmire	TEA	8337	0.03785	
FL	08	George L.	Metcalfe	NPA	4143	0.01881	
FL	08	Steven J.	Gerritzen	W	11	0.00005	
FL	09	Gus Michael	Bilirakis	REP	165433	0.71433	
FL	09	Anita	de Palma	DEM	66158	0.28567	
FL	10	C.W. Bill	Young	REP	137943	0.65921	
FL	10	Charlie	Justice	DEM	71313	0.34079	
FL	11	Kathy	Castor	DEM	91328	0.59635	
FL	11	Mike	Prendergast	REP	61817	0.40365	
FL	12	Dennis A.	Ross	REP	102704	0.48143	
FL	12	Lori	Edwards	DEM	87769	0.41142	
FL	12	Randy	Wilkinson	TEA	22857	0.10714	
FL	13	Vern	Buchanan	REP	183811	0.68860	
FL	13	James T.	Golden	DEM	83123	0.31140	
FL	14	Connie	Mack	REP	188341	0.68565	
FL	14	James Lloyd	Roach	DEM	74525	0.27130	
FL	14	William Maverick	St. Claire	NPA	11825	0.04305	
FL	15	Bill	Posey	REP	157079	0.64728	
FL	15	Shannon	Roberts	DEM	85595	0.35272	
FL	16	Tom	Rooney	REP	162285	0.66849	
FL	16	Jim	Horn	DEM	80327	0.33089	
FL	16	William	Dean	W	151	0.00062	
FL	17	Frederica S.	Wilson	DEM	106361	0.86213	
FL	17	Roderick D.	Vereen	NPA	17009	0.13787	
FL	18	Ileana	Ros-Lehtinen	REP	102360	0.68885	
FL	18	Rolando A.	Banciella	DEM	46235	0.31115	
FL	19	Ted	Deutch	DEM	132098	0.62588	
FL	19	Joe	Budd	REP	78733	0.37304	
FL	19	Stan	Smilan	W	228	0.00108	
FL	20	Debbie Wasserman	Schultz	DEM	100787	0.60146	
FL	20	Karen	Harrington	REP	63845	0.38100	
FL	20	Stanley	Blumenthal	NPA	1663	0.00992	
FL	20	Robert	Kunst	NPA	1272	0.00759	
FL	20	Clayton	Schock	W	3	0.00002	
FL	22	Allen	West	REP	118890	0.54364	
FL	22	Ron	Klein	DEM	99804	0.45636	
FL	23	Alcee L.	Hastings	DEM	100066	0.79116	
FL	23	Bernard	Sansaricq	REP	26414	0.20884	
FL	24	Sandra "Sandy"	Adams	REP	146129	0.59637	
FL	24	Suzanne	Kosmas	DEM	98787	0.40316	
FL	24	Nicholas, III	Ruiz	W	115	0.00047	
FL	25	David	Rivera	REP	74859	0.52147	
FL	25	Joe	Garcia	DEM	61138	0.42589	
FL	25	Roly	Arrojo	TEA	4312	0.03004	
FL	25	Craig	Porter	FWP	3244	0.02260	
FL	S	Marco	Rubio	REP	2645743	0.48895	
FL	S	Kendrick B.	Meek	DEM	1092936	0.20198	
FL	S	Charlie	Crist	NPA	1607549	0.29708	
FL	S	Alexander Andrew	Snitker	LIB	24850	0.00459	
FL	S	Sue	Askeland	NPA	15340	0.00283	
FL	S	Rick	Tyler	NPA	7397	0.00137	
FL	S	Bernie	DeCastro	CPF	4792	0.00089	
FL	S	Lewis Jerome	Armstrong	NPA	4443	0.00082	
FL	S	Bobbie	Bean	NPA	4301	0.00079	
FL	S	Bruce Ray	Riggs	NPA	3647	0.00067	
FL	S	Piotr	Blass	W	47	0.00001	
FL	S	Richard	Lock	W	18	0.00000	
FL	S	Belinda Gail	Quarterman-Noah	W	18	0.00000	
FL	S	George	Drake	W	13	0.00000	
FL	S	Robert	Monroe	W	6	0.00000	
FL	S	Howard	Knepper	W	4	0.00000	
FL	S	Carol Ann Joyce	LaRosa	W	2	0.00000	
GA	01	Jack	Kingston	REP	117270	0.71629	
GA	01	Oscar L., II	Harris	DEM	46449	0.28371	
GA	02	Sanford	Bishop	DEM	86520	0.51441	
GA	02	Mike	Keown	REP	81673	0.48559	
GA	03	Lynn	Westmoreland	REP	168304	0.69478	
GA	03	Frank	Saunders	DEM	73932	0.30520	
GA	03	Jagdish	Agrawal	W	3	0.00001	
GA	04	Hank, Jr.	Johnson	DEM	131760	0.74666	
GA	04	Lisbeth "Liz"	Carter	REP	44707	0.25334	
GA	05	John	Lewis	DEM	130782	0.73720	
GA	05	Fenn	Little	REP	46622	0.26280	
GA	06	Tom	Price	REP	198100	0.99905	
GA	06	Sean	Greenberg	W	188	0.00095	
GA	07	Rob	Woodall	REP	160898	0.67070	
GA	07	Doug	Heckman	DEM	78996	0.32930	
GA	08	Austin	Scott	REP	102770	0.52697	
GA	08	Jim	Marshall	DEM	92250	0.47303	
GA	09	Tom	Graves	REP	173512	1.00000	
GA	10	Paul	Broun	REP	138062	0.67358	
GA	10	Russell	Edwards	DEM	66905	0.32642	
GA	11	Phil	Gingrey	REP	163515	1.00000	
GA	12	John	Barrow	DEM	92459	0.56585	
GA	12	Raymond	Mckinney	REP	70938	0.43415	
GA	13	David	Scott	DEM	140294	0.69430	
GA	13	Mike	Crane	REP	61771	0.30570	
GA	S	Johnny	Isakson	REP	1489904	0.58307	
GA	S	Michael "Mike"	Thurmond	DEM	996516	0.38999	
GA	S	Chuck	Donovan	LIB	68750	0.02691	
GA	S	Steve	Davis	W	52	0.00002	
GA	S	Raymond	Beckworth	W	24	0.00001	
GA	S	Brian Russell	Brown	W	12	0.00000	
GU	00	Madeleine Z.	Bordallo	DEM	35919	0.95986	
GU	00		Scattered	W	1502	0.04014	
HI	01	Colleen	Hanabusa	DEM	94140	0.53228	
HI	01	Charles	Djou	REP	82723	0.46772	
HI	02	Mazie	Hirono	DEM	132290	0.72188	
HI	02	John W.	Willoughby	REP	46404	0.25322	
HI	02	Pat	Brock	LIB	3254	0.01776	
HI	02	Andrew Vsevolod	Von Sonn	N	1310	0.00715	
HI	S	Daniel K.	Inouye	DEM	277228	0.74809	
HI	S	Cam	Cavasso	REP	79939	0.21571	
HI	S	Jim	Brewer	GRE	7762	0.02095	
HI	S	Lloyd Jeffrey	Mallan	LIB	2957	0.00798	
HI	S	Jeff	Jarrett	N	2697	0.00728	
ID	01	Raul R.	Labrador	REP	126231	0.51017	
ID	01	Walt	Minnick	DEM	102135	0.41279	
ID	01	Dave	Olson	IND	14365	0.05806	
ID	01	Mike	Washburn	LIB	4696	0.01898	
ID	02	Mike	Simpson	REP	137468	0.68831	
ID	02	Mike	Crawford	DEM	48749	0.24409	
ID	02	Brian	Schad	IND	13500	0.06760	
ID	S	Mike	Crapo	REP	319953	0.71175	
ID	S	P. Tom	Sullivan	DEM	112057	0.24928	
ID	S	Randy Lynn	Bergquist	CON	17429	0.03877	
ID	S	Frederick R., Jr.	Reinisch	W	91	0.00020	
IL	01	Bobby L.	Rush	DEM	148170	0.80359	
IL	01	Raymond G.	Wardingley	W(REP)/REP	29253	0.15865	
IL	01	Jeff	Adams	GRE	6963	0.03776	
IL	02	Jesse L., Jr.	Jackson	DEM	150666	0.80521	
IL	02	Isaac C.	Hayes	REP	25883	0.13833	
IL	02	Anthony W.	Williams	GRE	10564	0.05646	
IL	03	Daniel William	Lipinski	DEM	116120	0.69689	
IL	03	Michael A.	Bendas	REP	40479	0.24293	
IL	03	Laurel Lambert	Schmidt	GRE	10028	0.06018	
IL	04	Luis V.	Gutierrez	DEM	63273	0.77358	
IL	04	Israel	Vasquez	REP	11711	0.14318	
IL	04	Robert J.	Burns	GRE	6808	0.08324	
IL	05	Mike	Quigley	DEM	108360	0.70623	
IL	05	David	Ratowitz	REP	38935	0.25376	
IL	05	Matthew	Reichel	GRE	6140	0.04002	
IL	06	Peter J.	Roskam	REP	114456	0.63645	
IL	06	Benjamin S.	Lowe	DEM	65379	0.36355	
IL	07	Danny K.	Davis	DEM	149846	0.81505	
IL	07	Mark M.	Weiman	REP	29575	0.16087	
IL	07	Clarence Desmond	Clemons	IND	4428	0.02408	
IL	08	Joe	Walsh	REP	98115	0.48467	
IL	08	Melissa	Bean	DEM	97825	0.48324	
IL	08	Bill	Scheurer	GRE	6495	0.03208	
IL	09	Janice D.	Schakowsky	DEM	117553	0.66337	
IL	09	Joel Barry	Pollak	REP	55182	0.31140	
IL	09	Simon	Ribeiro	GRE	4472	0.02524	
IL	10	Robert	Dold	REP	109941	0.51080	
IL	10	Daniel J.	Seals	DEM	105290	0.48919	
IL	10	Author C.	Brumfield	W	1	0.00000	
IL	11	Adam	Kinzinger	REP	129108	0.57349	
IL	11	Deborah "Debbie"	Halvorson	DEM	96019	0.42651	
IL	12	Jerry F.	Costello	DEM	121272	0.59827	
IL	12	Teri	Newman	REP	74046	0.36529	
IL	12	Rodger W.	Jennings	GRE	7387	0.03644	
IL	13	Judy	Biggert	REP	152132	0.63810	
IL	13	Scott	Harper	DEM	86281	0.36190	
IL	14	Randall M. "Randy"	Hultgren	REP	112369	0.51307	
IL	14	Bill	Foster	DEM	98645	0.45041	
IL	14	Daniel J.	Kairis	GRE	7949	0.03629	
IL	14	Doug	Marks	W	50	0.00023	
IL	15	Timothy V.	Johnson	REP	136915	0.64321	
IL	15	David	Gill	DEM	75948	0.35679	
IL	16	Donald A.	Manzullo	REP	138299	0.65002	
IL	16	George W.	Gaulrapp	DEM	66037	0.31038	
IL	16	Terry G.	Campbell	GRE	8425	0.03960	
IL	17	Bobby	Schilling	REP	104583	0.52581	
IL	17	Phil	Hare	DEM	85454	0.42964	
IL	17	Roger K.	Davis	GRE	8861	0.04455	
IL	18	Aaron	Schock	REP	152868	0.69118	
IL	18	Deirdre "DK"	Hirner	DEM	57046	0.25793	
IL	18	Sheldon	Schafer	GRE	11256	0.05089	
IL	19	John M.	Shimkus	REP	166166	0.71225	
IL	19	Tim	Bagwell	DEM	67132	0.28775	
IL	S - FULL TERM	Mark Steven	Kirk	REP	1778698	0.48015	
IL	S - FULL TERM	Alexander "Alexi"	Giannoulias	DEM	1719478	0.46416	
IL	S - FULL TERM	LeAlan M.	Jones	GRE	117914	0.03183	
IL	S - FULL TERM	Mike	Labno	LIB	87247	0.02355	
IL	S - FULL TERM	Robert L. "Bob"	Zadek	W	561	0.00015	
IL	S - FULL TERM	Will	Boyd	W	468	0.00013	
IL	S - FULL TERM	Corey	Dabney	W	33	0.00001	
IL	S - FULL TERM	Susanne	Atanus	W	19	0.00001	
IL	S - FULL TERM	Shon-Tiyon "Santiago"	Horton	W	16	0.00000	
IL	S - FULL TERM	Avner	Nagar	W	15	0.00000	
IL	S - FULL TERM	Stan	Jagla	W	12	0.00000	
IL	S - FULL TERM	Darren	Raichart	W	9	0.00000	
IL	S - FULL TERM	Lowell M.	Seida	W	3	0.00000	
IL	S - UNEXPIRED TERM	Mark Steven	Kirk	REP	1677729	0.47313	
IL	S - UNEXPIRED TERM	Alexander "Alexi"	Giannoulias	DEM	1641486	0.46291	
IL	S - UNEXPIRED TERM	LeAlan M.	Jones	GRE	129571	0.03654	
IL	S - UNEXPIRED TERM	Mike	Labno	LIB	95762	0.02701	
IL	S - UNEXPIRED TERM	Robert	Zadek	W	683	0.00019	
IL	S - UNEXPIRED TERM	Will	Boyd	W	415	0.00012	
IL	S - UNEXPIRED TERM	Ina	Pinkney	W	297	0.00008	
IL	S - UNEXPIRED TERM	Corey	Dabney	W	15	0.00000	
IL	S - UNEXPIRED TERM	Susanne	Atanus	W	12	0.00000	
IL	S - UNEXPIRED TERM	Shon-Tiyon "Santiago"	Horton	W	8	0.00000	
IL	S - UNEXPIRED TERM	Stan	Jagla	W	5	0.00000	
IL	S - UNEXPIRED TERM	Lowell M.	Seida	W	1	0.00000	
IN	01	Peter J.	Visclosky	DEM	99387	0.58564	
IN	01	Mark	Leyva	REP	65558	0.38630	
IN	01	Jon	Morris	LIB	4762	0.02806	
IN	02	Joe	Donnelly	DEM	91341	0.48178	
IN	02	Jackie	Walorski	REP	88803	0.46839	
IN	02	Mark	Vogel	LIB	9447	0.04983	
IN	03 - FULL TERM	Marlin A.	Stutzman	REP	116140	0.62762	
IN	03 - FULL TERM	Thomas	Hayhurst	DEM	61267	0.33109	
IN	03 - FULL TERM	Scott	Wise	LIB	7631	0.04124	
IN	03 - FULL TERM	Tom	Metzger	W	10	0.00005	
IN	03 - FULL TERM	Wes	Stephens	W	1	0.00001	
IN	03 - UNEXPIRED TERM	Marlin A.	Stutzman	REP	115415	0.62654	
IN	03 - UNEXPIRED TERM	Thomas	Hayhurst	DEM	60880	0.33049	
IN	03 - UNEXPIRED TERM	Scott	Wise	LIB	7914	0.04296	
IN	04	Todd	Rokita	REP	138732	0.68570	
IN	04	David	Sanders	DEM	53167	0.26278	
IN	04	John	Duncan	LIB	10423	0.05152	
IN	05	Dan	Burton	REP	146899	0.62138	
IN	05	Tim	Crawford	DEM	60024	0.25390	
IN	05	Richard (Chard)	Reid	LIB	18266	0.07727	
IN	05	Jesse C.	Trueblood	IND	11218	0.04745	
IN	06	Mike	Pence	REP	126027	0.66572	
IN	06	Barry	Welsh	DEM	56647	0.29923	
IN	06	Talmage (T.J.), Jr.	Thompson	LIB	6635	0.03505	
IN	07	Andre D.	Carson	DEM	86011	0.58896	
IN	07	Marvin B.	Scott	REP	55213	0.37807	
IN	07	Dav	Wilson	LIB	4815	0.03297	
IN	08	Larry D.	Bucshon	REP	116759	0.57442	
IN	08	W. Trent	VanHaaften	DEM	76265	0.37520	
IN	08	John	Cunningham	LIB	10240	0.05038	
IN	09	Todd	Young	REP	118040	0.52338	
IN	09	Baron P.	Hill	DEM	95353	0.42279	
IN	09	Greg "No Bull"	Knott	LIB	12070	0.05352	
IN	09	Jerry R.	Lucas	W	69	0.00031	
IN	S	Dan	Coats	REP	952116	0.54579	
IN	S	Brad	Ellsworth	DEM	697775	0.39999	
IN	S	Rebecca	Sink-Burris	LIB	94330	0.05407	
IN	S	Jim	Miller	W	161	0.00009	
IN	S	Jack	Rooney	W	99	0.00006	
IA	01	Bruce	Braley	DEM	104428	0.49515	
IA	01	Benjamin M.	Lange	REP	100219	0.47519	
IA	01	Rob J.	Petsche	LIB	4087	0.01938	
IA	01	Jason A.	Faulkner	NP	2092	0.00992	
IA	01		Scattered	W	76	0.00036	
IA	02	Dave	Loebsack	DEM	115839	0.50991	
IA	02	Mariannette	Miller-Meeks	REP	104319	0.45920	
IA	02	Gary	Sicard	LIB	4356	0.01917	
IA	02	Jon	Tack	CON	2463	0.01084	
IA	02		Scattered	W	198	0.00087	
IA	03	Leonard L.	Boswell	DEM	122147	0.50735	
IA	03	Brad	Zaun	REP	111925	0.46489	
IA	03	Rebecca	Williamson	SWP	6258	0.02599	
IA	03		Scattered	W	426	0.00177	
IA	04	Tom	Latham	REP	152588	0.65624	
IA	04	Bill	Maske	DEM	74300	0.31954	
IA	04	Dan	Lensing	NP	5499	0.02365	
IA	04		Scattered	W	132	0.00057	
IA	05	Steve	King	REP	128363	0.65747	
IA	05	Matthew	Campbell	DEM	63160	0.32350	
IA	05	Martin James	Monroe	NP	3622	0.01855	
IA	05		Scattered	W	94	0.00048	
IA	S	Chuck	Grassley	REP	718215	0.64353	
IA	S	Roxanne	Conlin	DEM	371686	0.33303	
IA	S	John	Heiderscheit	LIB	25290	0.02266	
IA	S		Scattered	W	872	0.00078	
KS	01	Tim	Huelskamp	REP	142281	0.73764	
KS	01	Alan	Jilka	DEM	44068	0.22847	
KS	01	Jack	Warner	LIB	6537	0.03389	
KS	02	Lynn	Jenkins	REP	130034	0.63131	
KS	02	Cheryl	Hudspeth	DEM	66588	0.32328	
KS	02	Robert	Garrard	LIB	9353	0.04541	
KS	03	Kevin	Yoder	REP	136246	0.58403	
KS	03	Stephene	Moore	DEM	90193	0.38662	
KS	03	Jasmin	Talbert	LIB	6846	0.02935	
KS	04	Mike	Pompeo	REP	119575	0.58793	
KS	04	Raj	Goyle	DEM	74143	0.36455	
KS	04	Susan G.	Ducey	REF	5041	0.02479	
KS	04	Shawn	Smith	LIB	4624	0.02274	
KS	S	Jerry	Moran	REP	587175	0.70094	
KS	S	Lisa	Johnston	DEM	220971	0.26379	
KS	S	Michael Wm.	Dann	LIB	17922	0.02139	
KS	S	Joseph (Joe) K.	Bellis	REF	11624	0.01388	
KY	01	Edward	Whitfield	REP	153840	0.71245	
KY	01	Charles Kendall	Hatchett	DEM	62090	0.28755	
KY	02	S. Brett	Guthrie	REP	155906	0.67887	
KY	02	Ed	Marksberry	DEM	73749	0.32113	
KY	03	John	Yarmuth	DEM	139940	0.54679	
KY	03	Todd	Lally	REP	112627	0.44007	
KY	03	Edward A.	Martin	LIB	2029	0.00793	
KY	03	Michael D.	Hansen	IND	1334	0.00521	
KY	04	Geoff	Davis	REP	151813	0.69477	
KY	04	John	Waltz	DEM	66694	0.30523	
KY	05	Harold "Hal"	Rogers	REP	151019	0.77425	
KY	05	James E. "Jim"	Holbert	DEM	44034	0.22575	
KY	06	Ben	Chandler	DEM	119812	0.50084	
KY	06	Garland "Andy"	Barr	REP	119164	0.49813	
KY	06	C. Wes	Collins	W	225	0.00094	
KY	06	Randolph S.	Vance	W	22	0.00009	
KY	S	Rand	Paul	REP	755706	0.55727	
KY	S	Jack	Conway	DEM	600052	0.44248	
KY	S	Billy Ray	Wilson	W	338	0.00025	
LA	01	"Steve"	Scalise	REP	157182	0.78522	
LA	01	Myron	Katz	DEM	38416	0.19191	
LA	01	Arden	Wells	OTH	4578	0.02287	
LA	02	Cedric	Richmond	DEM	83705	0.64585	
LA	02	"Joseph"	Cao	REP	43378	0.33470	
LA	02	Anthony	Marquize	OTH	1876	0.01447	
LA	02	"Jack"	Radosta	OTH	645	0.00498	
LA	03	"Jeff"	Landry	REP	108963	0.63767	
LA	03	Ravi	Sangisetty	DEM	61914	0.36233	
LA	04	John	Fleming	REP	105223	0.62338	
LA	04	David	Melville	DEM	54609	0.32352	
LA	04	Artis	Cash	NPA	8962	0.05309	
LA	05	Rodney	Alexander	REP	122033	0.78573	
LA	05	"Tom," Jr.	Gibbs	NPA	33279	0.21427	
LA	06	William "Bill"	Cassidy	REP	138607	0.65633	
LA	06	Merritt E., Sr.	McDonald	DEM	72577	0.34367	
LA	S	David	Vitter	REP	715415	0.56555	
LA	S	"Charlie"	Melancon	DEM	476572	0.37674	
LA	S	Randall Todd	Hayes	LIB	13957	0.01103	
LA	S	Michael Karlton	Brown	NPA	9973	0.00788	
LA	S	Michael Lane "Mike"	Spears	OTH	9190	0.00726	
LA	S	Ernest D.	Wooton	OTH	8167	0.00646	
LA	S	R.A. "Skip"	Galan	NPA	7474	0.00591	
LA	S	William R.	McShan	REF	5879	0.00465	
LA	S	William Robert "Bob," Jr.	Lang	OTH	5734	0.00453	
LA	S	Milton	Gordon	NPA	4810	0.00380	
LA	S	Thomas G. "Tommy"	LaFargue	OTH	4043	0.00320	
LA	S	Sam Houston, Jr.	Melton	NPA	3780	0.00299	
ME	01	Chellie	Pingree	DEM	169114	0.56815	
ME	01	Dean Peter	Scontras	REP	128501	0.43171	
ME	01	Walter	Horton	W	20	0.00007	
ME	01	Alan	Lowberg	W	22	0.00007	
ME	02	Michael H.	Michaud	DEM	147042	0.55132	
ME	02	Jason J.	Levesque	REP	119669	0.44868	
MD	01	Andy	Harris	REP	155118	0.54084	
MD	01	Frank M., Jr.	Kratovil	DEM	120400	0.41979	
MD	01	Richard James	Davis	LIB	10876	0.03792	
MD	01		Scattered	W	242	0.00084	
MD	01	Jack N.	Wilson	W	158	0.00055	
MD	01	Michael	Kennedy	W	18	0.00006	
MD	02	C.A. Dutch	Ruppersberger	DEM	134133	0.64208	
MD	02	Marcelo	Cardarelli	REP	69523	0.33280	
MD	02	Lorenzo	Gaztanaga	LIB	5090	0.02437	
MD	02		Scattered	W	158	0.00076	
MD	03	John	Sarbanes	DEM	147448	0.61073	
MD	03	Jim	Wilhelm	REP	86947	0.36013	
MD	03	Jerry	McKinley	LIB	5212	0.02159	
MD	03	Alain	Lareau	CON	1634	0.00677	
MD	03		Scattered	W	188	0.00078	
MD	04	Donna	Edwards	DEM	160228	0.83443	
MD	04	Robert	Broadus	REP	31467	0.16387	
MD	04		Scattered	W	325	0.00169	
MD	05	Steny H.	Hoyer	DEM	155110	0.64259	
MD	05	Charles	Lollar	REP	83575	0.34623	
MD	05	H. Gavin	Shickle	LIB	2578	0.01068	
MD	05		Scattered	W	120	0.00050	
MD	06	Roscoe G.	Bartlett	REP	148820	0.61448	
MD	06	Andrew	Duck	DEM	80455	0.33220	
MD	06	Dan	Massey	LIB	6816	0.02814	
MD	06	Michael	Reed	CON	5907	0.02439	
MD	06		Scattered	W	191	0.00079	
MD	07	Elijah	Cummings	DEM	152669	0.75181	
MD	07	Frank, Jr.	Mirabile	REP	46375	0.22837	
MD	07	Ray	Bly	REP/W	20	0.00010	
MD	07	Scott	Spencer	LIB	3814	0.01878	
MD	07		Scattered	W	135	0.00066	
MD	07	Fred Donald, Jr.	Dickson	W	55	0.00027	
MD	08	Chris	Van Hollen	DEM	153613	0.73265	
MD	08	Michael Lee	Philips	REP	52421	0.25002	
MD	08	Mark	Grannis	LIB	2713	0.01294	
MD	08	Fred	Nordhorn	CON	696	0.00332	
MD	08		Scattered	W	224	0.00107	
MD	S	Barbara A.	Mikulski	DEM	1140531	0.62193	
MD	S	Lih	Young	DEM/W	80	0.00004	
MD	S	Eric	Wargotz	REP	655666	0.35753	
MD	S	Kenniss	Henry	GRE	20717	0.01130	
MD	S	Richard	Shawver	CON	14746	0.00804	
MD	S		Scattered	W	1644	0.00090	
MD	S	Claud L.	Asbury	W	204	0.00011	
MD	S	Donald	Kaplan	W	110	0.00006	
MD	S	James T., Jr.	Lynch	W	84	0.00005	
MD	S	Denise L.	Whittington	W	56	0.00003	
MD	S	Robert J.	Evans	W	14	0.00001	
MD	S	Mary Catherine	Podlesak	W	6	0.00000	
MA	01	John W.	Olver	DEM	128011	0.59997	
MA	01	William L., Jr	Gunn	REP	74418	0.34878	
MA	01	Michael	Engel	IND	10880	0.05099	
MA	01		Scattered	W	55	0.00026	
MA	02	Richard E.	Neal	DEM	122751	0.57327	
MA	02	Thomas A.	Wesley	REP	91209	0.42596	
MA	02		Scattered	W	164	0.00077	
MA	03	James P.	McGovern	DEM	122708	0.56456	
MA	03	Martin A.	Lamb	REP	85124	0.39164	
MA	03	Patrick J.	Barron	IND	9388	0.04319	
MA	03		Scattered	W	132	0.00061	
MA	04	Barney	Frank	DEM	126194	0.53900	
MA	04	Sean DM	Bielat	REP	101517	0.43360	
MA	04	Susan F.	Allen	IND	3445	0.01471	
MA	04	Donald M.	Jordan	TRI	2873	0.01227	
MA	04		Scattered	W	98	0.00042	
MA	05	Nicola S.	Tsongas	DEM	122858	0.54840	
MA	05	Jonathan A.	Golnik	REP	94646	0.42247	
MA	05	Dale E.	Brown	LB	4387	0.01958	
MA	05	Robert M.	Clark	CL	1991	0.00889	
MA	05		Scattered	W	147	0.00066	
MA	06	John F.	Tierney	DEM	142732	0.56847	
MA	06	Bill	Hudak	REP	107930	0.42986	
MA	06		Scattered	W	419	0.00167	
MA	07	Edward J.	Markey	DEM	145696	0.66420	
MA	07	Gerry	Dembrowski	REP	73467	0.33492	
MA	07		Scattered	W	194	0.00088	
MA	08	Michael E.	Capuano	DEM	134974	0.98049	
MA	08		Scattered	W	2686	0.01951	
MA	09	Stephen F.	Lynch	DEM	157071	0.68302	
MA	09	Vernon M.	Harrison	REP	59965	0.26076	
MA	09	Philip	Dunkelbarger	IND	12572	0.05467	
MA	09		Scattered	W	356	0.00155	
MA	10	William R.	Keating	DEM	132743	0.46873	
MA	10	Jeffrey Davis	Perry	REP	120029	0.42384	
MA	10	Maryanne	Lewis	IND	16705	0.05899	
MA	10	James A.	Sheets	IND	10445	0.03688	
MA	10	Joe	Van Nes	BHT	3084	0.01089	
MA	10		Scattered	W	191	0.00067	
MI	01	Dan	Benishek	REP	120523	0.51941	
MI	01	Gary	McDowell	DEM	94824	0.40866	
MI	01	Glenn A.	Wilson	NPA	7847	0.03382	
MI	01	Patrick	Lambert	UST	4200	0.01810	
MI	01	Keith	Shelton	LIB	2571	0.01108	
MI	01	Ellis	Boal	GRE	2072	0.00893	
MI	02	Bill	Huizenga	REP	148864	0.65269	
MI	02	Fred	Johnson	DEM	72118	0.31620	
MI	02	Ronald E.	Graeser	UST	2379	0.01043	
MI	02	Lloyd	Clarke	GRE	2016	0.00884	
MI	02	Joseph	Gillotte	LIB	2701	0.01184	
MI	03	Justin	Amash	REP	133714	0.59677	
MI	03	Pat	Miles	DEM	83953	0.37468	
MI	03	James	Rogers	LIB	2677	0.01195	
MI	03	Ted	Gerrard	UST	2144	0.00957	
MI	03	Charlie	Shick	GRE	1575	0.00703	
MI	04	Dave	Camp	REP	148531	0.66204	
MI	04	Jerry M.	Campbell	DEM	68458	0.30513	
MI	04	John	Emerick	UST	3861	0.01721	
MI	04	Clint	Foster	LIB	3504	0.01562	
MI	05	Dale	Kildee	DEM	107286	0.53043	
MI	05	John	Kupiec	REP	89680	0.44338	
MI	05	Matthew J.	de Hues	GRE	2649	0.01310	
MI	05	Michael J.	Moon	LIB	2648	0.01309	
MI	06	Fred	Upton	REP	123142	0.61975	
MI	06	Don	Cooney	DEM	66729	0.33583	
MI	06	Melvin D.	Valkner	UST	3672	0.01848	
MI	06	Fred	Strand	LIB	3369	0.01696	
MI	06	Pat	Foster	GRE	1784	0.00898	
MI	07	Tim	Walberg	REP	113185	0.50155	
MI	07	Mark	Schauer	DEM	102402	0.45377	
MI	07	Scott Eugene	Aughney	UST	3705	0.01642	
MI	07	Greg	Merle	LIB	3239	0.01435	
MI	07	Richard	Wunsch	GRE	3117	0.01381	
MI	07	Danny	Davis	W	21	0.00009	
MI	08	Mike	Rogers	REP	156931	0.64081	
MI	08	Eric	Harvey	W(REP)/W	2	0.00001	
MI	08	Lance	Enderle	W(DEM)/DEM	84069	0.34329	
MI	08	Bhagwan	Dashairya	LIB	3881	0.01585	
MI	08	Katherine	Houston	W	11	0.00004	
MI	09	Gary	Peters	DEM	125730	0.49764	
MI	09	Rocky	Raczkowski	REP	119325	0.47229	
MI	09	Adam	Goodman	LIB	2601	0.01029	
MI	09	Douglas	Campbell	GRE	2484	0.00983	
MI	09	Bob	Gray	NPA	1866	0.00739	
MI	09	Matthew	Kuofie	NPA	644	0.00255	
MI	10	Candice S.	Miller	REP	168364	0.71972	
MI	10	Henry	Yanez	DEM	58530	0.25020	
MI	10	Claude	Beavers	LIB	3750	0.01603	
MI	10	Candace R.	Caveny	GRE	3286	0.01405	
MI	11	Thaddeus G.	McCotter	REP	141224	0.59266	
MI	11	Natalie	Mosher	DEM	91710	0.38487	
MI	11	John J.	Tatar	LIB	5353	0.02246	
MI	12	Sander	Levin	DEM	124671	0.61078	
MI	12	Don	Volaric	REP	71372	0.34966	
MI	12	Julia	Williams	GRE	3038	0.01488	
MI	12	Leonard	Schwartz	LIB	2342	0.01147	
MI	12	Les	Townsend	UST	2285	0.01119	
MI	12	Alan	Jacquemotte	NLP	409	0.00200	
MI	13	Hansen	Clarke	DEM	100885	0.79389	
MI	13	John	Hauler	REP	23462	0.18463	
MI	13	George	Corsetti	GRE	1032	0.00812	
MI	13	Duane	Montgomery	NPA	881	0.00693	
MI	13	Heidi	Peterson	LIB	815	0.00641	
MI	13	James	Casha	W	1	0.00001	
MI	14	John, Jr.	Conyers	DEM	115511	0.76763	
MI	14	Don	Ukrainec	REP	29902	0.19871	
MI	14	Marc J.	Sosnowski	UST	3206	0.02131	
MI	14	Richard J.	Secula	LIB	1859	0.01235	
MI	15	John D.	Dingell	DEM	118336	0.56808	
MI	15	Rob	Steele	REP	83488	0.40079	
MI	15	Aimee	Smith	GRE	2686	0.01289	
MI	15	Kerry Lee	Morgan	LIB	1969	0.00945	
MI	15	Matthew	Furman	UST	1821	0.00874	
MI	15	Louis	Czako	W	9	0.00004	
MN	01	Tim	Walz	DFL	122365	0.49340	
MN	01	Randy	Demmer	REP	109242	0.44048	
MN	01	Steven	Wilson	IDP	13242	0.05339	
MN	01	Lars	Johnson	PTF	3054	0.01231	
MN	01		Scattered	W	102	0.00041	
MN	02	John	Kline	REP	181341	0.63306	
MN	02	Shelley	Madore	DFL	104809	0.36589	
MN	02		Scattered	W	303	0.00106	
MN	03	Erik	Paulsen	REP	161177	0.58804	
MN	03	Jim	Meffert	DFL	100240	0.36572	
MN	03	Jon	Oleson	IDP	12508	0.04563	
MN	03		Scattered	W	167	0.00061	
MN	04	Betty	McCollum	DFL	136746	0.59088	
MN	04	Teresa	Collett	REP	80141	0.34629	
MN	04	Jack	Shepard	REP/W	10	0.00004	
MN	04	Steve	Carlson	IDP	14207	0.06139	
MN	04		Scattered	W	283	0.00122	
MN	04	Amber	Garlan	W	39	0.00017	
MN	05	Keith	Ellison	DFL	154833	0.67688	
MN	05	Joel	Demos	REP	55222	0.24141	
MN	05	Lynne	Torgerson	IND	8548	0.03737	
MN	05	Tom	Schrunk	IDP	7446	0.03255	
MN	05	Michael James	Cavlan	IPR	2468	0.01079	
MN	05		Scattered	W	229	0.00100	
MN	06	Michele	Bachmann	REP	159476	0.52513	
MN	06	Tarryl	Clark	DFL	120846	0.39792	
MN	06	Bob	Anderson	IDP	17698	0.05828	
MN	06	Aubrey	Immelman	IND	5490	0.01808	
MN	06		Scattered	W	178	0.00059	
MN	06	Dennis S.	Ferche	W	3	0.00001	
MN	07	Collin C.	Peterson	DFL	133096	0.55204	
MN	07	Lee	Byberg	REP	90652	0.37600	
MN	07	Gene	Waldorf	IND	9317	0.03864	
MN	07	Glen R.	Menze	IDP	7839	0.03251	
MN	07		Scattered	W	193	0.00080	
MN	08	Chip	Cravaack	REP	133490	0.48177	
MN	08	James L.	Oberstar	DFL	129091	0.46590	
MN	08	Timothy	Olson	IDP	11876	0.04286	
MN	08	Richard (George)	Burton	CON	2492	0.00899	
MN	08		Scattered	W	132	0.00048	
MS	01	Alan	Nunnelee	REP	121074	0.55261	
MS	01	Travis W.	Childers	DEM	89388	0.40799	
MS	01	Wally	Pang	IND	2180	0.00995	
MS	01	Les	Green	IND	2020	0.00922	
MS	01	A.G.	Baddley	IND	1882	0.00859	
MS	01	Gail	Giaramita	CON	1235	0.00564	
MS	01	Rick 'Rico'	Hoskins	IND	478	0.00218	
MS	01	Harold M.	Taylor	LIB	447	0.00204	
MS	01	Barbara Dale	Washer	REF	389	0.00178	
MS	02	Bennie G	Thompson	DEM	105327	0.61467	
MS	02	Bill	Marcy	REP	64499	0.37640	
MS	02	Ashley	Norwood	REF	1530	0.00893	
MS	03	Gregg	Harper	REP	132393	0.67993	
MS	03	Joel L.	Gill	DEM	60737	0.31193	
MS	03	Tracella Lou O'Hara	Hill	REF	1586	0.00815	
MS	04	Steven	Palazzo	REP	105613	0.51928	
MS	04	Gene	Taylor	DEM	95243	0.46829	
MS	04	Kenneth 'Tim'	Hampton	LIB	1741	0.00856	
MS	04	Anna Jewel	Revies	REF	787	0.00387	
MO	01	Lacy	Clay	DEM	135907	0.73551	
MO	01	Robyn	Hamlin	REP	43649	0.23622	
MO	01	Julie	Stone	LIB	5223	0.02827	
MO	02	Todd	Akin	REP	180481	0.67944	
MO	02	Arthur	Lieber	DEM	77467	0.29163	
MO	02	Steve	Mosbacher	LIB	7677	0.02890	
MO	02	Patrick M.	Cannon	W	7	0.00003	
MO	03	Russ	Carnahan	DEM	99398	0.48944	
MO	03	Ed	Martin	REP	94757	0.46659	
MO	03	Steven R.	Hedrick	LIB	5772	0.02842	
MO	03	Nicholas J. (Nick)	Ivanovich	CON	3155	0.01554	
MO	03	Brian	Wallner	W	3	0.00001	
MO	04	Vicky	Hartzler	REP	113489	0.50427	
MO	04	Ike	Skelton	DEM	101532	0.45114	
MO	04	Jason Michael	Braun	LIB	6123	0.02721	
MO	04	Greg	Cowan	CON	3912	0.01738	
MO	05	Emanuel, II	Cleaver	DEM	102076	0.53325	
MO	05	Jacob	Turk	REP	84578	0.44184	
MO	05	Randall D. (Randy)	Langkraehr	LIB	3077	0.01607	
MO	05	Dave	Lay	CON	1692	0.00884	
MO	06	Sam	Graves	REP	154103	0.69443	
MO	06	Clint	Hylton	DEM	67762	0.30536	
MO	06	Kyle	Yarber	W	47	0.00021	
MO	07	Billy	Long	REP	141010	0.63395	
MO	07	Scott	Eckersley	DEM	67545	0.30367	
MO	07	Kevin	Craig	LIB	13866	0.06234	
MO	07	Nicholas Ivan	Ladendorf	W	10	0.00004	
MO	08	Jo Ann	Emerson	REP	128499	0.65561	
MO	08	Tommy	Sowers	DEM	56377	0.28764	
MO	08	Larry	Bill	IND	7193	0.03670	
MO	08	Rick	Vandeven	LIB	3930	0.02005	
MO	09	Blaine	Luetkemeyer	REP	162724	0.77356	
MO	09	Christopher W.	Dwyer	LIB	46817	0.22256	
MO	09	Clifford Jeffery (Jeff)	Reed	W	748	0.00356	
MO	09	Ron	Burrus	W	69	0.00033	
MO	S	Roy	Blunt	REP	1054160	0.54229	
MO	S	Robin	Carnahan	DEM	789736	0.40626	
MO	S	Jonathan	Dine	LIB	58663	0.03018	
MO	S	Jerry	Beck	CON	41309	0.02125	
MO	S	Dale M.	Hoinoski	W	14	0.00001	
MO	S	Frazier Glenn, Jr.	Miller	W	7	0.00000	
MO	S	Jeff	Wirick	W	4	0.00000	
MO	S	Charlie L.	Bailey	W	3	0.00000	
MO	S	Richie L.	Wolfe	W	2	0.00000	
MO	S	Mark S.	Memoly	W	1	0.00000	
MT	00	Denny	Rehberg	REP	217696	0.60414	
MT	00	Dennis	McDonald	DEM	121954	0.33844	
MT	00	Mike	Fellows	LIB	20691	0.05742	
NE	01	Jeff	Fortenberry	REP	116871	0.71273	
NE	01	Ivy	Harper	DEM	47106	0.28727	
NE	02	Lee	Terry	REP	93840	0.60806	
NE	02	Tom	White	DEM	60486	0.39194	
NE	03	Adrian	Smith	REP	117275	0.70123	
NE	03	Rebekah	Davis	DEM	29932	0.17897	
NE	03	Dan	Hill	BP	20036	0.11980	
NV	01	Shelley	Berkley	DEM	103246	0.61748	
NV	01	Kenneth A.	Wegner	REP	58995	0.35283	
NV	01	Jonathan J.	Hansen	IAP	2847	0.01703	
NV	01	Ed	Klapproth	LIB	2118	0.01267	
NV	02	Dean	Heller	REP	169458	0.63300	
NV	02	Nancy	Price	DEM	87421	0.32655	
NV	02	Russell	Best	IAP	10829	0.04045	
NV	03	Joe	Heck	REP	128916	0.48126	
NV	03	Dina	Titus	DEM	127168	0.47473	
NV	03	Barry	Michaels	IND	6473	0.02416	
NV	03	Joseph P.	Silvestri	LIB	4026	0.01503	
NV	03	Scott David	Narter	IAP	1291	0.00482	
NV	S	Harry	Reid	DEM	362785	0.50289	
NV	S	Sharron	Angle	REP	321361	0.44547	
NV	S		None of These Candidates	n/a	16197	0.02245	
NV	S	Scott	Ashjian	TPN	5811	0.00806	
NV	S	Michael L.	Haines	IND	4261	0.00591	
NV	S	Tim	Fasano	IAP	3185	0.00442	
NV	S	Jesse	Holland	IND	3175	0.00440	
NV	S	Jeffrey C.	Reeves	IND	2510	0.00348	
NV	S	Wil	Stand	IND	2119	0.00294	
NH	01	Frank C.	Guinta	REP	121655	0.53967	
NH	01	Carol	Shea-Porter	DEM	95503	0.42366	
NH	01	Philip	Hodson	LIB	7966	0.03534	
NH	01		Scattered	W	299	0.00133	
NH	02	Charles	Bass	REP	108610	0.48249	
NH	02	Ann McLane	Kuster	DEM	105060	0.46672	
NH	02	Tim	vanBlommesteyn	IND	6197	0.02753	
NH	02	Howard L.	Wilson	LIB	4796	0.02131	
NH	02		Scattered	W	439	0.00195	
NH	S	Kelly	Ayotte	REP	273218	0.60028	
NH	S	Paul W.	Hodes	DEM	167545	0.36811	
NH	S	Chris	Booth	IND	9194	0.02020	
NH	S	Ken	Blevens	LIB	4753	0.01044	
NH	S		Scattered	W	439	0.00096	
NJ	01	Robert E.	Andrews	DEM	106334	0.63194	
NJ	01	Dale	Glading	REP	58562	0.34803	
NJ	01	Mark	Heacock	GRE	1593	0.00947	
NJ	01	Margaret M.	Chapman	TCH	1257	0.00747	
NJ	01	Nicky I.	Petrutz	DAC	521	0.00310	
NJ	02	Frank A.	LoBiondo	REP	109460	0.65498	
NJ	02	Gary	Stein	DEM	51690	0.30930	
NJ	02	Peter F.	Boyce	CON	4120	0.02465	
NJ	02	Vitov	Valdes-Munoz	ALP	727	0.00435	
NJ	02	Mark	Lovett	MLU	1123	0.00672	
NJ	03	Jon	Runyan	REP	110215	0.50027	
NJ	03	John A.	Adler	DEM	104252	0.47321	
NJ	03	Peter	DeStefano	NJT	3284	0.01491	
NJ	03	Russ	Conger	LIB	1445	0.00656	
NJ	03	Lawrence J.	Donahue	YCA	1113	0.00505	
NJ	04	Christopher H.	Smith	REP	129752	0.69409	
NJ	04	Howard	Kleinhendler	DEM	52118	0.27880	
NJ	04	Joe	Siano	LIB	2912	0.01558	
NJ	04	Steven	Welzer	GRE	1574	0.00842	
NJ	04	David R.	Meiswinkle	ARM	582	0.00311	
NJ	05	Scott	Garrett	REP	124030	0.64940	
NJ	05	Tod	Theise	DEM	62634	0.32794	
NJ	05	Ed	Fanning	GRE	2347	0.01229	
NJ	05	Mark D.	Quick	FA	1646	0.00862	
NJ	05	James Douglas	Radigan	BD	336	0.00176	
NJ	06	Frank, Jr.	Pallone	DEM	81933	0.54745	
NJ	06	Anna C.	Little	REP	65413	0.43707	
NJ	06	Jack	Freudenheim	IND	1299	0.00868	
NJ	06	Karen Anne	Zaletal	GTP	1017	0.00680	
NJ	07	Leonard	Lance	REP	105084	0.59374	
NJ	07	Ed	Potosnak	DEM	71902	0.40626	
NJ	08	Bill, Jr.	Pascrell	DEM	88478	0.62658	
NJ	08	Roland	Straten	REP	51023	0.36133	
NJ	08	Raymond	Giangrasso	IND	1707	0.01209	
NJ	09	Steven R.	Rothman	DEM	83564	0.60718	
NJ	09	Michael A.	Agosta	REP	52082	0.37843	
NJ	09	Patricia	Alessandrini	GRE	1980	0.01439	
NJ	10	Donald M.	Payne	DEM	95299	0.85182	
NJ	10	Michael J.	Alonso	REP	14357	0.12833	
NJ	10	Robert Louis	Toussaint	ANT	1141	0.01020	
NJ	10	Joanne	Miller	AC	1080	0.00965	
NJ	11	Rodney P.	Frelinghuysen	REP	122149	0.67189	
NJ	11	Douglas	Herbert	DEM	55472	0.30513	
NJ	11	Jim	Gawron	LIB	4179	0.02299	
NJ	12	Rush	Holt	DEM	108214	0.53046	
NJ	12	Scott	Sipprelle	REP	93634	0.45899	
NJ	12	Kenneth J.	Cody	TVH	2154	0.01056	
NJ	13	Albio	Sires	DEM	62840	0.74107	
NJ	13	Henrietta	Dwyer	REP	19538	0.23041	
NJ	13	Anthony	Zanowic	IAP	1508	0.01778	
NJ	13	Maximo Gomez	Nacer	GBS	910	0.01073	
NM	01	Martin T.	Heinrich	DEM	112707	0.51879	
NM	01	Jonathan L.	Barela	REP	104543	0.48121	
NM	02	Steve	Pearce	REP	94053	0.55403	
NM	02	Harry	Teague	DEM	75709	0.44597	
NM	03	Ben R.	Lujan	DEM	120057	0.56986	
NM	03	Thomas E.	Mullins	REP	90621	0.43014	
NY	01	Timothy H.	Bishop	DEM	85051	0.43357	
NY	01	Timothy H.	Bishop	IDP	7370	0.03757	
NY	01	Timothy H.	Bishop	WF	5895	0.03005	
NY	01	Randolph	Altschuler	REP	78300	0.39916	
NY	01	Randolph	Altschuler	CRV	19423	0.09901	
NY	01		Scattered	W	125	0.00064	
NY	02	Steve J.	Israel	DEM	84211	0.50097	
NY	02	Steve J.	Israel	IDP	6353	0.03779	
NY	02	Steve J.	Israel	WF	4130	0.02457	
NY	02	John B.	Gomez	REP	58590	0.34855	
NY	02	John B.	Gomez	CRV	13525	0.08046	
NY	02	Anthony	Tolda	CON	1258	0.00748	
NY	02		Scattered	W	30	0.00018	
NY	03	Peter T.	King	REP	109039	0.59556	
NY	03	Peter T.	King	CRV	15192	0.08298	
NY	03	Peter T.	King	IDP	7443	0.04065	
NY	03	Howard A.	Kudler	DEM	51346	0.28045	
NY	03		Scattered	W	67	0.00037	
NY	04	Carolyn	McCarthy	DEM	89743	0.50917	
NY	04	Carolyn	McCarthy	WF	4740	0.02689	
NY	04	Francis X., Jr.	Becker	REP	69323	0.39332	
NY	04	Francis X., Jr.	Becker	CRV	9455	0.05364	
NY	04	Francis X., Jr.	Becker	IDP	2940	0.01668	
NY	04		Scattered	W	52	0.00030	
NY	05	Gary L.	Ackerman	DEM	66564	0.58092	
NY	05	Gary L.	Ackerman	WF	3323	0.02900	
NY	05	Gary L.	Ackerman	IDP	2352	0.02053	
NY	05	James	Milano	REP	36861	0.32170	
NY	05	Elizabeth	Berney	REP/TRP	798	0.00696	
NY	05	James	Milano	CRV	4632	0.04042	
NY	05		Scattered	W	53	0.00046	
NY	06	Gregory W.	Meeks	DEM	85096	0.87733	
NY	06	Asher E.	Taub	REP	10057	0.10369	
NY	06	Asher E.	Taub	CRV	1769	0.01824	
NY	06		Scattered	W	72	0.00074	
NY	07	Joseph	Crowley	DEM	66223	0.74853	
NY	07	Joseph	Crowley	WF	5024	0.05679	
NY	07	Kenneth A.	Reynolds	REP	13751	0.15543	
NY	07	Kenneth A.	Reynolds	CRV	2394	0.02706	
NY	07	Anthony	Gronowicz	GRE	1038	0.01173	
NY	07		Scattered	W	41	0.00046	
NY	08	Jerrold L.	Nadler	DEM	88758	0.67791	
NY	08	Jerrold L.	Nadler	WF	10081	0.07700	
NY	08	Susan L.	Kone	REP	29514	0.22542	
NY	08	Susan L.	Kone	CRV	2482	0.01896	
NY	08		Scattered	W	93	0.00071	
NY	09	Anthony D.	Weiner	DEM	60879	0.55242	
NY	09	Anthony D.	Weiner	WF	3332	0.03023	
NY	09	Anthony D.	Weiner	IDP	2800	0.02541	
NY	09	Robert L.	Turner	REP	37750	0.34254	
NY	09	Robert L.	Turner	CRV	5379	0.04881	
NY	09		Scattered	W	65	0.00059	
NY	10	Edolphus	Towns	DEM	95485	0.91078	
NY	10	Diana	Muniz	REP	7419	0.07077	
NY	10	Ernest	Johnson	CRV	1853	0.01767	
NY	10		Scattered	W	82	0.00078	
NY	11	Yvette D.	Clarke	DEM	89973	0.78102	
NY	11	Yvette D.	Clarke	WF	14324	0.12434	
NY	11	Hugh C.	Carr	REP	9119	0.07916	
NY	11	Hugh C.	Carr	CRV	1739	0.01510	
NY	11		Scattered	W	44	0.00038	
NY	12	Nydia M.	Velazquez	DEM	60586	0.82807	
NY	12	Nydia M.	Velazquez	WF	8038	0.10986	
NY	12	Alice	Gaffney	CRV	4482	0.06126	
NY	12		Scattered	W	59	0.00081	
NY	13	Michael G.	Grimm	CRV	9203	0.07258	
NY	13	Michael G.	Grimm	REP	55821	0.44024	
NY	13	Michael E.	McMahon	DEM	56412	0.44490	
NY	13	Michael E.	McMahon	IDP	4361	0.03439	
NY	13	Tom	Vendittelli	LIB	929	0.00733	
NY	13		Scattered	W	72	0.00057	
NY	14	Carolyn B.	Maloney	WF	8374	0.05854	
NY	14	Carolyn B.	Maloney	DEM	98953	0.69178	
NY	14	David Ryan	Brumberg	REP	32065	0.22416	
NY	14	Timothy J.	Healy	CRV	1891	0.01322	
NY	14	Dino L.	LaVerghetta	IDP	1617	0.01130	
NY	14		Scattered	W	142	0.00099	
NY	15	Charles B.	Rangel	DEM	83633	0.73565	
NY	15	Charles B.	Rangel	WF	7592	0.06678	
NY	15	Michel J.	Faulkner	REP	10678	0.09393	
NY	15	Michel J.	Faulkner	CRV	1076	0.00946	
NY	15	Craig	Schley	IDP	6865	0.06039	
NY	15	Craig	Schley	VPC	938	0.00825	
NY	15	Roger	Calero	SWP	2647	0.02328	
NY	15		Scattered	W	257	0.00226	
NY	16	Jose E.	Serrano	DEM	58478	0.90751	
NY	16	Jose E.	Serrano	WF	3164	0.04910	
NY	16	Frank	Della Valle	REP	2257	0.03503	
NY	16	Frank	Della Valle	CRV	501	0.00777	
NY	16		Scattered	W	38	0.00059	
NY	17	Eliot L.	Engel	DEM	89693	0.68530	
NY	17	Eliot L.	Engel	WF	5653	0.04319	
NY	17	Anthony	Mele	REP	29792	0.22763	
NY	17	York J.	Kleinhandler	CRV	5661	0.04325	
NY	17		Scattered	W	82	0.00063	
NY	18	Nita M.	Lowey	DEM	104836	0.56333	
NY	18	Nita M.	Lowey	IDP	5703	0.03064	
NY	18	Nita M.	Lowey	WF	5080	0.02730	
NY	18	Jim	Russell	REP	60513	0.32517	
NY	18	Jim	Russell	CRV	9900	0.05320	
NY	18		Scattered	W	67	0.00036	
NY	19	Nan	Hayworth	REP	88734	0.42408	
NY	19	Nan	Hayworth	CRV	15778	0.07541	
NY	19	Nan	Hayworth	IDP	5444	0.02602	
NY	19	John J.	Hall	DEM	91797	0.43872	
NY	19	John J.	Hall	WF	6969	0.03331	
NY	19		Scattered	W	516	0.00247	
NY	20	Christopher P.	Gibson	REP	110813	0.46687	
NY	20	Christopher P.	Gibson	CRV	19363	0.08158	
NY	20	Scott	Murphy	DEM	91577	0.38583	
NY	20	Scott	Murphy	IDP	8858	0.03732	
NY	20	Scott	Murphy	WF	6642	0.02798	
NY	20		Scattered	W	99	0.00042	
NY	21	Paul D.	Tonko	DEM	107136	0.50826	
NY	21	Paul D.	Tonko	IDP	9625	0.04566	
NY	21	Paul D.	Tonko	WF	8128	0.03856	
NY	21	Theodore J., Jr.	Danz	REP	70211	0.33308	
NY	21	Theodore J., Jr.	Danz	CRV	15541	0.07373	
NY	21		Scattered	W	150	0.00071	
NY	22	Maurice D.	Hinchey	DEM	83849	0.44738	
NY	22	Maurice D.	Hinchey	WF	8886	0.04741	
NY	22	Maurice D.	Hinchey	IDP	5926	0.03162	
NY	22	George K.	Phillips	REP	75558	0.40315	
NY	22	George K.	Phillips	CRV	13129	0.07005	
NY	22		Scattered	W	73	0.00039	
NY	23	William L.	Owens	DEM	75849	0.43820	
NY	23	William L.	Owens	WF	6383	0.03688	
NY	23	Matthew A.	Doheny	REP	73646	0.42548	
NY	23	Matthew A.	Doheny	IDP	6591	0.03808	
NY	23	Douglas L.	Hoffman	CRV	10507	0.06070	
NY	23		Scattered	W	115	0.00066	
NY	24	Richard L.	Hanna	REP	85702	0.44706	
NY	24	Richard L.	Hanna	CRV	10313	0.05380	
NY	24	Richard L.	Hanna	IDP	5584	0.02913	
NY	24	Michael A.	Arcuri	DEM	85624	0.44666	
NY	24	Michael A.	Arcuri	MOD	4185	0.02183	
NY	24		Scattered	W	292	0.00152	
NY	25	Ann Marie	Buerkle	REP	81380	0.38987	
NY	25	Ann Marie	Buerkle	CRV	16830	0.08063	
NY	25	Ann Marie	Buerkle	IDP	6392	0.03062	
NY	25	Daniel B.	Maffei	DEM	95146	0.45582	
NY	25	Daniel B.	Maffei	WF	8808	0.04220	
NY	25		Scattered	W	178	0.00085	
NY	26	Christopher J.	Lee	REP	121371	0.58974	
NY	26	Christopher J.	Lee	CRV	19368	0.09411	
NY	26	Christopher J.	Lee	IDP	10710	0.05204	
NY	26	Philip A.	Fedele	DEM	54307	0.26388	
NY	26		Scattered	W	49	0.00024	
NY	27	Brian	Higgins	DEM	106644	0.54573	
NY	27	Brian	Higgins	WF	12441	0.06366	
NY	27	Leonard A.	Roberto	REP	63015	0.32247	
NY	27	Leonard A.	Roberto	CRV/TX	13305	0.06809	
NY	27		Scattered	W	10	0.00005	
NY	28	Louise M.	Slaughter	DEM	91103	0.57679	
NY	28	Louise M.	Slaughter	IDP	5976	0.03784	
NY	28	Louise M.	Slaughter	WF	5435	0.03441	
NY	28	Jill A.	Rowland	REP	45630	0.28889	
NY	28	Jill A.	Rowland	CRV	9762	0.06181	
NY	28		Scattered	W	41	0.00026	
NY	29 - FULL TERM	Thomas W., II	Reed	REP	93167	0.46832	
NY	29 - FULL TERM	Thomas W., II	Reed	CRV	13505	0.06788	
NY	29 - FULL TERM	Thomas W., II	Reed	IDP	5642	0.02836	
NY	29 - FULL TERM	Matthew C.	Zeller	DEM	79558	0.39991	
NY	29 - FULL TERM	Matthew C.	Zeller	WF	6541	0.03288	
NY	29 - FULL TERM		Scattered	W	527	0.00265	
NY	29 - UNEXPIRED TERM	Thomas W., II	Reed	REP	87767	0.47089	
NY	29 - UNEXPIRED TERM	Thomas W., II	Reed	CRV	13028	0.06990	
NY	29 - UNEXPIRED TERM	Thomas W., II	Reed	IDP	5112	0.02743	
NY	29 - UNEXPIRED TERM	Matthew C.	Zeller	DEM	74021	0.39714	
NY	29 - UNEXPIRED TERM	Matthew C.	Zeller	WF	6459	0.03465	
NY	SFULL	Charles E.	Schumer	DEM	2686698	0.58447	
NY	SFULL	Charles E.	Schumer	WF	183714	0.03997	
NY	SFULL	Charles E.	Schumer	IDP	177468	0.03861	
NY	SFULL	Jay	Townsend	REP	1239605	0.26967	
NY	SFULL	Jay	Townsend	CRV	240818	0.05239	
NY	SFULL	Colia	Clark	GRE	42341	0.00921	
NY	SFULL	Randy A.	Credico	APP/LIB	24871	0.00541	
NY	SFULL		Scattered	W	1281	0.00028	
NY	SUN	Kirsten E.	Gillibrand	DEM	2479393	0.54990	
NY	SUN	Kirsten E.	Gillibrand	WF	182655	0.04051	
NY	SUN	Kirsten E.	Gillibrand	IDP	175636	0.03895	
NY	SUN	Joseph J.	DioGuardi	REP	1338308	0.29682	
NY	SUN	Joseph J.	DioGuardi	CRV/TX	244385	0.05420	
NY	SUN	Cecile A.	Lawrence	GRE	35489	0.00787	
NY	SUN	John	Clifton	LIB	18414	0.00408	
NY	SUN	Joseph	Huff	RDH	17019	0.00377	
NY	SUN	Vivia	Morgan	APP	11787	0.00261	
NY	SUN	Bruce	Blakeman	TRP	4516	0.00100	
NY	SUN		Scattered	W	1169	0.00026	
NC	01	G. K.	Butterfield	DEM	103294	0.59309	
NC	01	Ashley	Woolard	REP	70867	0.40691	
NC	02	Renee	Ellmers	REP	93876	0.49467	
NC	02	Bob	Etheridge	DEM	92393	0.48686	
NC	02	Tom	Rose	LIB	3505	0.01847	
NC	03	Walter B.	Jones	REP	143225	0.71863	
NC	03	Johnny G.	Rouse	DEM	51317	0.25748	
NC	03	Darryl	Holloman	LIB	4762	0.02389	
NC	04	David	Price	DEM	155384	0.57162	
NC	04	William (B.J.)	Lawson	REP	116448	0.42838	
NC	05	Virginia	Foxx	REP	140525	0.65885	
NC	05	Billy	Kennedy	DEM	72762	0.34115	
NC	06	Howard	Coble	REP	156252	0.75208	
NC	06	Sam	Turner	DEM	51507	0.24792	
NC	07	Mike	McIntyre	DEM	113957	0.53681	
NC	07	Ilario Gregory	Pantano	REP	98328	0.46319	
NC	08	Larry	Kissell	DEM	88776	0.53019	
NC	08	Harold	Johnson	REP	73129	0.43674	
NC	08	Thomas	Hill	LIB	5098	0.03045	
NC	08	Anthony W.	Graves	W	240	0.00143	
NC	08		Scattered	W	199	0.00119	
NC	09	Sue	Myrick	REP	158790	0.68967	
NC	09	Jeff	Doctor	DEM	71450	0.31033	
NC	10	Patrick	McHenry	REP	130813	0.71177	
NC	10	Jeff	Gregory	DEM	52972	0.28823	
NC	11	Heath	Shuler	DEM	131225	0.54344	
NC	11	Jeff	Miller	REP	110246	0.45656	
NC	12	Mel	Watt	DEM	103495	0.63883	
NC	12	Greg	Dority	REP	55315	0.34144	
NC	12	Lon	Cecil	LIB	3197	0.01973	
NC	13	Brad	Miller	DEM	116103	0.55498	
NC	13	William (Bill)	Randall	REP	93099	0.44502	
NC	S	Richard	Burr	REP	1458046	0.54812	
NC	S	Elaine	Marshall	DEM	1145074	0.43047	
NC	S	Michael	Beitler	LIB	55687	0.02093	
NC	S		Scattered	W	1198	0.00045	
NC	S	Jim	Nolan	W	64	0.00002	
NC	S	Michael	Genay	W	10	0.00000	
ND	00	Rick	Berg	REP	129802	0.54737	
ND	00	Earl	Pomeroy	DNL	106542	0.44928	
ND	00		Scattered	W	793	0.00334	
ND	S	John	Hoeven	REP	181689	0.76080	
ND	S	Tracy	Potter	DNL	52955	0.22174	
ND	S	Keith J.	Hanson	LIB	3890	0.01629	
ND	S		Scattered	W	278	0.00116	
MP	00	Gregorio Kilili Camacho	Sablan	IND	4852	0.42741	
MP	00	Joseph James Norita	Camacho	COV	2744	0.24172	
MP	00	Juan Nekai	Babauta	REP	2049	0.18050	
MP	00	Jesus Camacho	Borja	DEM	1707	0.15037	
OH	01	Steve	Chabot	REP	103770	0.51494	
OH	01	Steve	Driehaus	DEM	92672	0.45987	
OH	01	Jim	Berns	LIB	3076	0.01526	
OH	01	Rich	Stevenson	GRE	2000	0.00992	
OH	02	Jean	Schmidt	REP	139027	0.58453	
OH	02	Surya	Yalamanchili	DEM	82431	0.34657	
OH	02	Marc	Johnston	LIB	16259	0.06836	
OH	02	Randy Lee	Conover	W	128	0.00054	
OH	03	Mike	Turner	REP	152629	0.68112	
OH	03	Joe	Roberts	DEM	71455	0.31888	
OH	04	Jim	Jordan	REP	146029	0.71488	
OH	04	Doug	Litt	DEM	50533	0.24738	
OH	04	Donald Charles	Kissick	LIB	7708	0.03773	
OH	05	Bob	Latta	REP	140703	0.67824	
OH	05	Caleb	Finkenbiner	DEM	54919	0.26473	
OH	05	Brian L.	Smith	LIB	11831	0.05703	
OH	06	Bill	Johnson	REP	103170	0.50186	
OH	06	Charlie	Wilson	DEM	92823	0.45153	
OH	06	Richard E.	Cadle	CON	5077	0.02470	
OH	06	Martin J.	Elsass	LIB	4505	0.02191	
OH	07	Steve	Austria	REP	135721	0.62168	
OH	07	Bill	Conner	DEM	70400	0.32247	
OH	07	John D.	Anderson	LIB	9381	0.04297	
OH	07	David W.	Easton	CON	2811	0.01288	
OH	08	John A.	Boehner	REP	142731	0.65643	
OH	08	Justin A.	Coussoule	DEM	65883	0.30300	
OH	08	David A.	Harlow	LIB	5121	0.02355	
OH	08	James J., Jr.	Condit	CON	3701	0.01702	
OH	09	Marcy	Kaptur	DEM	121819	0.59354	
OH	09	Rich	Iott	REP	83423	0.40646	
OH	10	Dennis J.	Kucinich	DEM	101343	0.53052	
OH	10	Peter J.	Corrigan	REP	83809	0.43873	
OH	10	Jeff	Goggins	LIB	5874	0.03075	
OH	11	Marcia L.	Fudge	DEM	139693	0.82930	
OH	11	Thomas	Pekarek	REP	28754	0.17070	
OH	12	Pat	Tiberi	REP	150163	0.55785	
OH	12	Paula	Brooks	DEM	110307	0.40979	
OH	12	Travis M.	Irvine	LIB	8710	0.03236	
OH	13	Betty	Sutton	DEM	118806	0.55732	
OH	13	Tom	Ganley	REP	94367	0.44268	
OH	14	Steven C.	LaTourette	REP	149878	0.64920	
OH	14	Bill	O'Neill	DEM	72604	0.31449	
OH	14	John M.	Jelenic	LIB	8383	0.03631	
OH	15	Steve	Stivers	REP	119471	0.54158	
OH	15	Mary Jo	Kilroy	DEM	91077	0.41287	
OH	15	William J.	Kammerer	LIB	6116	0.02772	
OH	15	David	Ryon	CON	3887	0.01762	
OH	15	Bill	Buckel	W	45	0.00020	
OH	16	Jim	Renacci	REP	114652	0.52082	
OH	16	John A.	Boccieri	DEM	90833	0.41262	
OH	16	Jeffrey J.	Blevins	LIB	14585	0.06625	
OH	16	Robert L.	Ross	W	67	0.00030	
OH	17	Timothy J.	Ryan	DEM	102758	0.53894	
OH	17	Jim	Graham	REP	57352	0.30080	
OH	17	James A., Jr.	Traficant	IND	30556	0.16026	
OH	18	Bob	Gibbs	REP	107426	0.53862	
OH	18	Zack	Space	DEM	80756	0.40490	
OH	18	Lindsey Dean	Sutton	W(CON)/CON	11246	0.05639	
OH	18	Mark	Pitrone	W	20	0.00010	
OH	S	Rob	Portman	REP	2168742	0.56846	
OH	S	Lee	Fisher	DEM	1503297	0.39404	
OH	S	Eric W.	Deaton	CON	65856	0.01726	
OH	S	Michael L.	Pryce	IND	50101	0.01313	
OH	S	Daniel H.	LaBotz	SUS	26454	0.00693	
OH	S	Arthur T.	Sullivan	W	648	0.00017	
OK	01	John	Sullivan	REP	151173	0.76804	
OK	01	Angelia	O'Dell	IND	45656	0.23196	
OK	02	Dan	Boren	DEM	108203	0.56524	
OK	02	Charles	Thompson	REP	83226	0.43476	
OK	03	Frank D.	Lucas	REP	161927	0.77994	
OK	03	Frankie	Robbins	DEM	45689	0.22006	
OK	05	James	Lankford	REP	123236	0.62523	
OK	05	Billy	Coyle	DEM	68074	0.34537	
OK	05	Dave	White	IND	2728	0.01384	
OK	05	Clark	Duffe	IND	3067	0.01556	
OK	S	Tom	Coburn	REP	718482	0.70637	
OK	S	Jim	Rogers	DEM	265814	0.26133	
OK	S	Stephen P.	Wallace	IND	25048	0.02463	
OK	S	Ronald F.	Dwyer	IND	7807	0.00768	
OR	01	David	Wu	DEM	160357	0.54746	
OR	01	Rob	Cornilles	REP	122858	0.41944	
OR	01	Don	LaMunyon	CON	3855	0.01316	
OR	01	Chris	Henry	PG/PRO	2955	0.01009	
OR	01	H. Joe	Tabor	LIB	2492	0.00851	
OR	01			W	392	0.00134	
OR	02	Greg	Walden	REP	206245	0.73913	
OR	02	Joyce B.	Segers	DEM	72173	0.25865	
OR	02			W	619	0.00222	
OR	03	Earl	Blumenauer	DEM	193104	0.70015	
OR	03	Delia	Lopez	REP	67714	0.24552	
OR	03	Jeff	Lawrence	LIB/IP*	8380	0.03038	
OR	03	Michael	Meo	PG/PRO	6197	0.02247	
OR	03			W	407	0.00148	
OR	04	Peter A.	DeFazio	DEM/PRO/WF	162416	0.54493	
OR	04	Art	Robinson	REP/CON/IP*	129877	0.43575	
OR	04	Mike	Beilstein	PG	5215	0.01750	
OR	04			W	544	0.00183	
OR	05	Kurt	Schrader	DEM	145319	0.51249	
OR	05	Scott	Bruun	REP/IP*	130313	0.45957	
OR	05	Chris	Lugo	PG/PRO	7557	0.02665	
OR	05			W	367	0.00129	
OR	S	Ron	Wyden	DEM	825507	0.57224	
OR	S	Jim	Huffman	REP	566199	0.39249	
OR	S	Bruce	Cronk	WF	18940	0.01313	
OR	S	Marc	Delphine	LIB	16028	0.01111	
OR	S	Rick	Staggenborg	PRO	14466	0.01003	
OR	S			W	1448	0.00100	
PA	01	Robert A.	Brady	DEM	149944	0.73248	
PA	02	Chaka	Fattah	DEM	182800	0.89298	
PA	02	Rick	Hellberg	REP	21907	0.10702	
PA	03	Mike	Kelly	REP	111909	0.55722	
PA	03	Kathy	Dahlkemper	DEM	88924	0.44278	
PA	04	Jason	Altmire	DEM	120827	0.50814	
PA	04	Keith	Rothfus	REP	116958	0.49186	
PA	05	Glenn	Thompson	REP	127427	0.68689	
PA	05	Michael	Pipe	DEM	52375	0.28233	
PA	05	Vernon L	Etzel	LIB	5710	0.03078	
PA	06	Jim	Gerlach	REP	133770	0.57102	
PA	06	Manan	Trivedi	DEM	100493	0.42898	
PA	07	Patrick	Meehan	REP	137825	0.54944	
PA	07	Bryan	Lentz	DEM	110314	0.43977	
PA	07	James D	Schneller	ACP	2708	0.01080	
PA	08	Michael G.	Fitzpatrick	REP	130759	0.53523	
PA	08	Patrick J.	Murphy	DEM	113547	0.46477	
PA	09	Bill	Shuster	REP	141904	0.73061	
PA	09	Tom	Conners	DEM	52322	0.26939	
PA	10	Thomas A.	Marino	REP	110599	0.55177	
PA	10	Christopher Paul	Carney	DEM	89846	0.44823	
PA	11	Louis J.	Barletta	REP	102179	0.54701	
PA	11	Paul E.	Kanjorski	DEM	84618	0.45299	
PA	12	Mark S.	Critz #	DEM	94056	0.50779	
PA	12	Tim	Burns	REP	91170	0.49221	
PA	13	Allyson Y.	Schwartz	DEM	118710	0.56342	
PA	13	Carson Dee	Adcock	REP	91987	0.43658	
PA	14	Mike	Doyle	DEM	122073	0.68785	
PA	14	Melissa	Haluszczak	REP	49997	0.28172	
PA	14	Ed	Bortz	GRE	5400	0.03043	
PA	15	Charles W.	Dent	REP	109534	0.53549	
PA	15	John B.	Callahan	DEM	79766	0.38996	
PA	15	Jake	Towne	TFC	15248	0.07454	
PA	16	Joseph R.	Pitts	REP	134113	0.65387	
PA	16	Lois	Herr	DEM	70994	0.34613	
PA	17	Tim	Holden	DEM	118486	0.55501	
PA	17	Dave	Argall	REP	95000	0.44499	
PA	18	Tim	Murphy	REP	161888	0.67328	
PA	18	Dan	Connolly	DEM	78558	0.32672	
PA	19	Todd	Platts	REP	165219	0.71911	
PA	19	Ryan S.	Sanders	DEM	53549	0.23307	
PA	19	Joshua A	Monighan	INP	10988	0.04782	
PA	S	Pat	Toomey	REP	2028945	0.51008	
PA	S	Joe	Sestak	DEM	1948716	0.48992	
RI	01	David N.	Cicilline	DEM	81269	0.50602	
RI	01	David A.	Segal	DEM/W	13	0.00008	
RI	01	John J., II	Loughlin	REP	71542	0.44546	
RI	01	Kenneth A.	Capalbo	IND	6424	0.04000	
RI	01	Gregory	Raposa	IND	1334	0.00831	
RI	01	Anthony	Gemma	W	9	0.00006	
RI	01	Patrick	Kennedy	W	6	0.00004	
RI	01	Mickey	Mouse	W	6	0.00004	
RI	02	James R.	Langevin	DEM	104442	0.59864	
RI	02	Elizabeth M.	Dennigan	DEM/W	24	0.00014	
RI	02	Mark S.	Zaccaria	REP	55409	0.31760	
RI	02	John O.	Matson	IND	14584	0.08359	
RI	02	David	Cicilline	W	5	0.00003	
SC	01	Tim	Scott	REP	152755	0.65365	
SC	01	Ben	Frasier	DEM	67008	0.28673	
SC	01	Rob	Groce	WF	4148	0.01775	
SC	01	Robert	Dobbs	GRE	3369	0.01442	
SC	01	Keith	Blandford	LIB	2750	0.01177	
SC	01	Jimmy	Wood	IDP	2489	0.01065	
SC	01	M. E. Mac	McCullough	UC	1013	0.00433	
SC	01		Scattered	W	163	0.00070	
SC	02	Joe	Wilson	REP	138861	0.53476	
SC	02	Rob	Miller	DEM	113625	0.43757	
SC	02	Eddie	McCain	LIB	4228	0.01628	
SC	02	Marc	Beaman	CON	2856	0.01100	
SC	02		Scattered	W	102	0.00039	
SC	03	Jeff	Duncan	REP	126235	0.62459	
SC	03	Jane Ballard	Dyer	DEM	66497	0.32902	
SC	03	Jane Ballard	Dyer	WF	6598	0.03265	
SC	03	John	Dalen	CON	2682	0.01327	
SC	03		Scattered	W	96	0.00047	
SC	04	Trey	Gowdy	REP	137586	0.63451	
SC	04	Paul	Corden	DEM	62438	0.28795	
SC	04	Dave	Edwards	CON	11059	0.05100	
SC	04	Rick	Mahler	LIB	3010	0.01388	
SC	04	C. Faye	Walters	GRE	2564	0.01182	
SC	04		Scattered	W	181	0.00083	
SC	05	Mick	Mulvaney	REP	125834	0.55121	
SC	05	John	Spratt	DEM	102296	0.44810	
SC	05		Scattered	W	156	0.00068	
SC	06	James E. "Jim"	Clyburn	DEM	125459	0.62858	
SC	06	Jim	Pratt	REP	72661	0.36405	
SC	06	Nammu Y.	Muhammad	GRE	1389	0.00696	
SC	06		Scattered	W	81	0.00041	
SC	S	Jim	DeMint	REP	810771	0.61478	
SC	S	Alvin M.	Greene	DEM	364598	0.27646	
SC	S	Tom	Clements	GRE	121472	0.09211	
SC	S		Scattered	W	21953	0.01665	
SD	00	Kristi	Noem	REP	153703	0.48119	
SD	00	Stephanie Herseth	Sandlin	DEM	146589	0.45891	
SD	00	B. Thomas	Marking	IND	19134	0.05990	
SD	S	John R.	Thune	REP	227947	1.00000	
TN	01	David Philip	Roe	REP	123006	0.80839	
TN	01	Michael Edward	Clark	DEM	26045	0.17117	
TN	01	Kermit E.	Steck	IND	3110	0.02044	
TN	02	John J., Jr.	Duncan	REP	141796	0.81783	
TN	02	Dave	Hancock	DEM	25400	0.14650	
TN	02	Joseph R., Jr.	Leinweber	IND	2497	0.01440	
TN	02	D.H. (Andy)	Andrew	IND	1993	0.01149	
TN	02	Greg	Samples	IND	1185	0.00683	
TN	02	H. James	Headings	IND	509	0.00294	
TN	03	Chuck	Fleischmann	REP	92032	0.56790	
TN	03	John	Wolfe	DEM	45387	0.28007	
TN	03	Savas T.	Kyriakidis	IND	17077	0.10538	
TN	03	Mark	DeVol	IND	5773	0.03562	
TN	03	Don	Barkman	IND	811	0.00500	
TN	03	Gregory C.	Goodwin	IND	380	0.00234	
TN	03	Robert	Humphries	IND	380	0.00234	
TN	03	Mo	Kiah	IND	216	0.00133	
TN	04	Scott	DesJarlais	REP	103969	0.57066	
TN	04	Lincoln	Davis	DEM	70254	0.38561	
TN	04	Paul H.	Curtis	IND	3178	0.01744	
TN	04	Gerald	York	IND	2159	0.01185	
TN	04	James	Gray	IND	1714	0.00941	
TN	04	Richard S.	Johnson	IND	917	0.00503	
TN	05	Jim	Cooper	DEM	99162	0.56226	
TN	05	David	Hall	REP	74204	0.42075	
TN	05	Stephen W.	Collings	IND	584	0.00331	
TN	05	John "Big John"	Smith	IND	533	0.00302	
TN	05	Jackie	Miller	IND	444	0.00252	
TN	05	John P.	Miglietta	IND	396	0.00225	
TN	05	Bill	Crook	IND	391	0.00222	
TN	05	James G., II	Whitfield	IND	333	0.00189	
TN	05	Joe D., Jr.	Moore	IND	159	0.00090	
TN	05	Clark	Taylor	IND	156	0.00088	
TN	06	Diane	Black	REP	128517	0.67257	
TN	06	Brett	Carter	DEM	56145	0.29382	
TN	06	Jim	Boyd	IND	2157	0.01129	
TN	06	David	Purcell	IND	1296	0.00678	
TN	06	Tommy N.	Hay	IND	1270	0.00665	
TN	06	Brandon E.	Gore	IND	1103	0.00577	
TN	06	Stephen R.	Sprague	IND	596	0.00312	
TN	07	Marsha	Blackburn	REP	158916	0.72372	
TN	07	Greg	Rabidoux	DEM	54347	0.24750	
TN	07	J. W. (Bill)	Stone	IND	6320	0.02878	
TN	08	Stephen Lee	Fincher	REP	98759	0.58994	
TN	08	James	Hart	W(REP)/W	9	0.00005	
TN	08	Roy	Herron	DEM	64960	0.38804	
TN	08	Donn	Janes	IND	2440	0.01458	
TN	08	Mark J.	Rawles	IND	1237	0.00739	
TN	09	Steve	Cohen	DEM	99827	0.73997	
TN	09	Charlotte	Bergmann	REP	33879	0.25113	
TN	09	Sandra	Sullivan	IND	673	0.00499	
TN	09	Perry	Steele	IND	528	0.00391	
TX	01	Louie	Gohmert	REP	129398	0.89729	
TX	01	Charles F., III	Parkes	LIB	14811	0.10271	
TX	02	Ted	Poe	REP	130020	0.88611	
TX	02	David W.	Smith	LIB	16711	0.11389	
TX	03	Sam	Johnson	REP	101180	0.66281	
TX	03	John	Lingenfelder	DEM	47848	0.31344	
TX	03	Christopher J.	Claytor	LIB	3602	0.02360	
TX	03	Harry	Pierce	W	22	0.00014	
TX	04	Ralph M.	Hall	REP	136338	0.73187	
TX	04	VaLinda	Hathcox	DEM	40975	0.21996	
TX	04	Jim D.	Prindle	LIB	4729	0.02539	
TX	04	Shane	Shepard	IND	4244	0.02278	
TX	05	Jeb	Hensarling	REP	106742	0.70527	
TX	05	Tom	Berry	DEM	41649	0.27519	
TX	05	Ken	Ashby	LIB	2958	0.01954	
TX	06	Joe L.	Barton	REP	107140	0.65909	
TX	06	David E.	Cozad	DEM	50717	0.31200	
TX	06	Byron	Severns	LIB	4700	0.02891	
TX	07	John	Culberson	REP	143655	0.81447	
TX	07	Bob	Townsend	LIB	31704	0.17975	
TX	07	Lissa	Squiers	W	1019	0.00578	
TX	08	Kevin	Brady	REP	161417	0.80267	
TX	08	Kent	Hargett	DEM	34694	0.17252	
TX	08	Bruce	West	LIB	4988	0.02480	
TX	09	Al	Green	DEM	80107	0.75739	
TX	09	Steve	Mueller	REP	24201	0.22881	
TX	09	Michael W.	Hope	LIB	1459	0.01379	
TX	10	Michael	McCaul	REP	144980	0.64674	
TX	10	Ted	Ankrum	DEM	74086	0.33049	
TX	10	Jeremiah "JP"	Perkins	LIB	5105	0.02277	
TX	11	Mike	Conaway	REP	125581	0.80843	
TX	11	James	Quillian	DEM	23989	0.15443	
TX	11	James A.	Powell	LIB	4321	0.02782	
TX	11	Jim	Howe	GRE	1449	0.00933	
TX	12	Kay	Granger	REP	109882	0.71857	
TX	12	Tracey	Smith	DEM	38434	0.25134	
TX	12	Matthew	Solodow	LIB	4601	0.03009	
TX	13	Mac	Thornberry	REP	113201	0.87049	
TX	13	Keith	Dyer	IND	11192	0.08606	
TX	13	John T., Jr.	Burwell	LIB	5650	0.04345	
TX	14	Ron	Paul	REP	140623	0.75990	
TX	14	Robert	Pruett	DEM	44431	0.24010	
TX	15	Rubén	Hinojosa	DEM	53546	0.55731	
TX	15	Eddie	Zamora	REP	39964	0.41595	
TX	15	Aaron I.	Cohn	LIB	2570	0.02675	
TX	16	Silvestre	Reyes	DEM	49301	0.58075	
TX	16	Tim	Besco	REP	31051	0.36577	
TX	16	Bill	Collins	LIB	4319	0.05088	
TX	16	Tim	Collins	W	221	0.00260	
TX	17	Bill	Flores	REP	106696	0.61802	
TX	17	Chet	Edwards	DEM	63138	0.36572	
TX	17	Richard B.	Kelly	LIB	2808	0.01626	
TX	18	Sheila Jackson	Lee	DEM	85108	0.70151	
TX	18	John	Faulk	REP	33067	0.27256	
TX	18	Mike	Taylor	LIB	3118	0.02570	
TX	18	Charles B. "ChuckM"	Meyer	W	28	0.00023	
TX	19	Randy	Neugebauer	REP	106059	0.77780	
TX	19	Andy	Wilson	DEM	25984	0.19056	
TX	19	Richard "Chip"	Peterson	LIB	4315	0.03164	
TX	20	Charles A.	Gonzales	DEM	58645	0.63617	
TX	20	Clayton	Trotter	REP	31757	0.34449	
TX	20	Michael "Commander"	Idrogo	LIB	1783	0.01934	
TX	21	Lamar	Smith	REP	162924	0.68877	
TX	21	Lainey	Melnick	DEM	65927	0.27871	
TX	21	James Arthur	Strohm	LIB	7694	0.03253	
TX	22	Pete	Olson	REP	140537	0.67494	
TX	22	Kesha	Rogers	DEM	62082	0.29815	
TX	22	Steven	Susman	LIB	5538	0.02660	
TX	22	Johnny	Williams	W	66	0.00032	
TX	23	Francisco "Quico"	Canseco	REP	74853	0.49397	
TX	23	Ciro D.	Rodriguez	DEM	67348	0.44444	
TX	23	Craig T.	Stephens	IND	5432	0.03585	
TX	23	Martin	Nitschke	LIB	2482	0.01638	
TX	23	Ed	Scharf	GRE	1419	0.00936	
TX	24	Kenny E.	Marchant	REP	100078	0.81572	
TX	24	David	Sparks	LIB	22609	0.18428	
TX	25	Lloyd	Doggett	DEM	99967	0.52824	
TX	25	Donna	Campbell	REP	84849	0.44835	
TX	25	Jim	Stutsman	LIB	4431	0.02341	
TX	26	Michael C.	Burgess	REP	120984	0.67053	
TX	26	Neil L.	Durrance	DEM	55385	0.30696	
TX	26	Mark	Boler	LIB	4062	0.02251	
TX	27	R. Blake	Farenthold	REP	51001	0.47844	
TX	27	Solomon P.	Ortiz	DEM	50226	0.47117	
TX	27	Ed	Mishou	LIB	5372	0.05039	
TX	28	Henry	Cuellar	DEM	62773	0.56348	
TX	28	Bryan	Underwood	REP	46740	0.41956	
TX	28	Stephen	Kaat	LIB	1889	0.01696	
TX	29	Gene	Green	DEM	43257	0.64613	
TX	29	Roy	Morales	REP	22825	0.34094	
TX	29	Brad	Walters	LIB	866	0.01294	
TX	30	Eddie Bernice	Johnson	DEM	86322	0.75736	
TX	30	Stephen E.	Broden	REP	24668	0.21643	
TX	30	J.B.	Oswalt	LIB	2988	0.02622	
TX	31	John R.	Carter	REP	126384	0.82540	
TX	31	Bill	Oliver	LIB	26735	0.17460	
TX	32	Pete	Sessions	REP	79433	0.62610	
TX	32	Grier	Raggio	DEM	44258	0.34885	
TX	32	John Jay	Myers	LIB	3178	0.02505	
UT	01	Rob	Bishop	REP	135247	0.69194	
UT	01	Morgan E.	Bowen	DEM	46765	0.23925	
UT	01	Kirk D.	Pearson	CON	9143	0.04678	
UT	01	Jared Paul	Stratton	LIB	4307	0.02203	
UT	02	Jim	Matheson	DEM	127151	0.50487	
UT	02	Morgan	Philpot	REP	116001	0.46060	
UT	02	Randall	Hinton	CON	4578	0.01818	
UT	02	Dave	Glissmeyer	UN	2391	0.00949	
UT	02	Wayne L.	Hill	UN	1726	0.00685	
UT	03	Jason	Chaffetz	REP	139721	0.72325	
UT	03	Karen	Hyer	DEM	44320	0.22942	
UT	03	Douglas	Sligting	CON	4596	0.02379	
UT	03	Jake	Shannon	LIB	2945	0.01524	
UT	03	Joseph L.	Puente	UN	1604	0.00830	
UT	S	Mike	Lee	REP	390179	0.61559	
UT	S	Sam F.	Granato	DEM	207685	0.32767	
UT	S	Scott N.	Bradley	CON	35937	0.05670	
UT	S	Brian E.	Kamerath	W	20	0.00003	
UT	S	Loy	Brunson	W	6	0.00001	
UT	S	Cody	Judy	W	2	0.00000	
VT	00	Peter	Welch	DEM	154006	0.64567	
VT	00	Paul D.	Beaudry	REP	76403	0.32032	
VT	00	Gus	Jaccaci	IND	4704	0.01972	
VT	00	Jane	Newton	SUS	3222	0.01351	
VT	00		Scattered	W	186	0.00078	
VT	S	Patrick	Leahy	DEM	151281	0.64326	
VT	S	Daniel	Freilich	DEM/IND	3544	0.01507	
VT	S	Len	Britton	REP	72699	0.30912	
VT	S	Cris	Ericson	USM	2731	0.01161	
VT	S	Stephen J.	Cain	IND	2356	0.01002	
VT	S	Pete	Diamondstone	SUS	1433	0.00609	
VT	S	Johenry	Nunes	IND	1021	0.00434	
VT	S		Scattered	W	113	0.00048	
VA	01	Robert J. "Rob"	Wittman	REP	135564	0.63874	
VA	01	Krystal M.	Ball	DEM	73824	0.34784	
VA	01	G. Gail "for Rail"	Parker	IGR	2544	0.01199	
VA	01		Scattered	W	304	0.00143	
VA	02	E. Scott	Rigell	REP	88340	0.53124	
VA	02	Glenn C., III	Nye	DEM	70591	0.42451	
VA	02	Kenny E.	Golden	IND	7194	0.04326	
VA	02		Scattered	W	164	0.00099	
VA	03	Robert C. "Bobby"	Scott	DEM	114754	0.70015	
VA	03	C. L. "Chuck," Jr.	Smith	REP	44553	0.27183	
VA	03	James J.	Quigley	LIB	2383	0.01454	
VA	03	John D.	Kelly	IND	2039	0.01244	
VA	03		Scattered	W	171	0.00104	
VA	04	J. Randy	Forbes	REP	123659	0.62332	
VA	04	Wynne V. E.	LeGrow	DEM	74298	0.37451	
VA	04		Scattered	W	432	0.00218	
VA	05	Robert	Hurt	REP	119560	0.50812	
VA	05	Tom S. P.	Perriello	DEM	110562	0.46988	
VA	05	Jeffrey A.	Clark	IND	4992	0.02122	
VA	05		Scattered	W	185	0.00079	
VA	06	Robert W. "Bob"	Goodlatte	REP	127487	0.76269	
VA	06	Jeffrey W.	Vanke	IND	21649	0.12952	
VA	06	Stuart M.	Bain	LIB	15309	0.09159	
VA	06		Scattered	W	2709	0.01621	
VA	07	Eric I.	Cantor	REP	138209	0.59215	
VA	07	Rick E., Jr.	Waugh	DEM	79616	0.34111	
VA	07	Floyd C.	Bayne	IGR	15164	0.06497	
VA	07		Scattered	W	413	0.00177	
VA	08	James P. "Jim," Jr.	Moran	DEM	116404	0.61025	
VA	08	J. Patrick	Murray	REP	71145	0.37298	
VA	08	J. Ron	Fisher	IGR	2707	0.01419	
VA	08		Scattered	W	492	0.00258	
VA	09	H. Morgan	Griffith	REP	95726	0.51213	
VA	09	Rick C.	Boucher	DEM	86743	0.46407	
VA	09	Jeremiah D.	Heaton	IND	4282	0.02291	
VA	09		Scattered	W	166	0.00089	
VA	10	Frank R.	Wolf	REP	131116	0.62868	
VA	10	Jeffery R.	Barnett	DEM	72604	0.34813	
VA	10	William B.	Redpath	LIB	4607	0.02209	
VA	10		Scattered	W	229	0.00110	
VA	11	Gerald E. "Gerry"	Connolly	DEM	111720	0.49226	
VA	11	Keith S.	Fimian	REP	110739	0.48794	
VA	11	Christopher F.	DeCarlo	IND	1846	0.00813	
VA	11	David L.	Dotson	LIB	1382	0.00609	
VA	11	David William, Jr.	Gillis	IGR	959	0.00423	
VA	11		Scattered	W	305	0.00134	
VI	00	Donna M.	Christensen	DEM	19844	0.71727	
VI	00	Jeffrey Baxter Christian, Esq.	Moorhead	NPA	5063	0.18300	
VI	00	Vincent Emile	Danet	REP	2329	0.08418	
VI	00	Guillaume	Mimoun	NPA	419	0.01514	
VI	00	Jonathan	Christopher	W	1	0.00004	
VI	00	Cletus	Emmanuel	W	1	0.00004	
VI	00	Mario A.	Francis	W	1	0.00004	
VI	00	Vincent	Frazer	W	1	0.00004	
VI	00	Violet Ann	Golden	W	1	0.00004	
VI	00	Ainsley	Lake	W	1	0.00004	
VI	00	Scott	Martin	W	1	0.00004	
VI	00	Lorelei	Monsanto	W	1	0.00004	
VI	00	Jeffrey	Morrhead	W	1	0.00004	
VI	00	Annett	Parrot	W	1	0.00004	
VI	00	Tregenza	Roach	W	1	0.00004	
WA	01	Jay	Inslee	DEM	172642	0.57667	
WA	01	James	Watkins	REP	126737	0.42333	
WA	02	Rick	Larsen	DEM	155241	0.51072	
WA	02	John	Koster	REP	148722	0.48928	
WA	03	Jaime	Herrera	REP	152799	0.52972	
WA	03	Denny	Heck	DEM	135654	0.47028	
WA	04	Doc	Hastings	REP	156726	0.67642	
WA	04	Jay	Clough	DEM	74973	0.32358	
WA	05	Cathy McMorris	Rodgers	REP	177235	0.63666	
WA	05	Daryl	Romeyn	DEM	101146	0.36334	
WA	06	Norm	Dicks	DEM	151873	0.58039	
WA	06	Doug	Cloud	REP	109800	0.41961	
WA	07	Jim	McDermott	DEM	232649	0.82973	
WA	07	Bob	Jeffers-Schroder	IND	47741	0.17027	
WA	08	Dave	Reichert	REP	161296	0.52052	
WA	08	Suzan	DelBene	DEM	148581	0.47948	
WA	09	Adam	Smith	DEM	123743	0.54852	
WA	09	Richard (Dick)	Muri	REP	101851	0.45148	
WA	S	Patty	Murray	DEM	1314930	0.52365	
WA	S	Dino	Rossi	REP	1196164	0.47635	
WV	01	David B.	McKinley	REP	90660	0.50400	
WV	01	Michael Angelo, III	Oliverio	DEM	89220	0.49600	
WV	02	Shelley Moore	Capito	REP	126814	0.68457	
WV	02	Virginia Lynch	Graf	DEM	55001	0.29691	
WV	02	Phil	Hudok	CON	3431	0.01852	
WV	03	Nick Joe, II	Rahall	DEM	83636	0.56039	
WV	03	Elliott E.	Maynard	REP	65611	0.43961	
WV	S - UNEXPIRED TERM	Joe, III	Manchin	DEM	283358	0.53469	
WV	S - UNEXPIRED TERM	John Reeves	Raese	REP	230013	0.43403	
WV	S - UNEXPIRED TERM	Jesse Clarence, Jr.	Johnson	MTP	10152	0.01916	
WV	S - UNEXPIRED TERM	Jeffrey Conrad	Becker	CON	6425	0.01212	
WI	01	Paul	Ryan	REP	179819	0.68210	
WI	01	John	Heckenlively	DEM	79363	0.30104	
WI	01	Joseph	Kexel	LIB	4311	0.01635	
WI	01		Scattered	W	134	0.00051	
WI	02	Tammy	Baldwin	DEM	191164	0.61773	
WI	02	Chad	Lee	REP	118099	0.38163	
WI	02		Scattered	W	197	0.00064	
WI	03	Ron	Kind	DEM	126380	0.50282	
WI	03	Dan	Kapanke	REP	116838	0.46486	
WI	03	Michael	Krsiean	ICC	8001	0.03183	
WI	03		Scattered	W	121	0.00048	
WI	04	Gwen	Moore	DEM	143559	0.68985	
WI	04	Dan	Sebring	REP	61543	0.29573	
WI	04	Eddie Ahmad	Ayyash	CGR	2802	0.01346	
WI	04		Scattered	W	199	0.00096	
WI	05	F. James, Jr.	Sensenbrenner	REP	229642	0.69324	
WI	05	Todd P.	Kolosso	DEM	90634	0.27361	
WI	05	Robert R.	Raymond	IND	10813	0.03264	
WI	05		Scattered	W	169	0.00051	
WI	06	Tom	Petri	REP	183271	0.70661	
WI	06	Joseph C.	Kallas	DEM	75926	0.29274	
WI	06		Scattered	W	170	0.00066	
WI	07	Sean	Duffy	REP	132551	0.52106	
WI	07	Julie M.	Lassa	DEM	113018	0.44427	
WI	07	Gary	Kauther	INW	8397	0.03301	
WI	07		Scattered	W	423	0.00166	
WI	08	Reid J.	Ribble	REP	143998	0.54765	
WI	08	Steven L.	Kagen	DEM	118646	0.45123	
WI	08		Scattered	W	294	0.00112	
WI	S	Ron	Johnson	REP	1125999	0.51858	
WI	S	Ernest J., Jr.	Pagels	W(REP)/W	134	0.00006	
WI	S	Russ	Feingold	DEM	1020958	0.47020	
WI	S	Rob	Taylor	CPW	23473	0.01081	
WI	S		Scattered	W	638	0.00029	
WI	S	Michael D.	LaForest	W	129	0.00006	
WY	00	Cynthia M.	Lummis	REP	131661	0.70419	
WY	00	David	Wendt	DEM	45768	0.24479	
WY	00	John V.	Love	LIB	9253	0.04949	
WY	00		Scattered	W	287	0.00154	
